Code Ponctualite;Date;Service;Ligne;Nom de la ligne;Taux de ponctualité;Nombre de voyageurs à l'heure pour un voyageur en retard
1;01/01/2013;RER;D;RERD;77.6;3.5
2;01/01/2013;Transilien;H;Paris Nord Ouest;93.9;15.4
3;01/01/2013;Transilien;J;Paris Saint-Lazare Nord;82.5;4.7
4;01/01/2013;Transilien;K;Paris Nord Crépy;75.2;3.0
5;01/02/2013;RER;A;RERA;86.2;6.2
6;01/02/2013;RER;B;RERB;80.3;4.1
7;01/02/2013;RER;C;RERC;91.8;11.2
8;01/02/2013;RER;D;RERD;79.3;3.8
9;01/02/2013;Transilien;J;Paris Saint-Lazare Nord;88.1;7.4
10;01/02/2013;Transilien;L;Paris Saint-Lazare Sud;82.1;4.6
11;01/03/2013;RER;A;RERA;84.0;5.3
12;01/03/2013;RER;C;RERC;87.6;7.1
13;01/03/2013;Transilien;P;Paris Est;89.0;8.1
14;01/04/2013;Transilien;H;Paris Nord Ouest;94.6;17.5
15;01/04/2013;Transilien;K;Paris Nord Crépy;82.0;4.6
16;01/04/2013;Transilien;P;Paris Est;92.7;12.7
17;01/05/2013;RER;E;RERE;95.5;21.2
18;01/05/2013;Transilien;J;Paris Saint-Lazare Nord;91.5;10.8
19;01/05/2013;Transilien;L;Paris Saint-Lazare Sud;90.6;9.6
20;01/05/2013;Transilien;R;Paris Sud Est;93.0;13.3
21;01/06/2013;RER;D;RERD;85.1;5.7
22;01/07/2013;RER;A;RERA;83.2;5.0
23;01/07/2013;RER;D;RERD;85.2;5.8
24;01/07/2013;Transilien;K;Paris Nord Crépy;85.1;5.7
25;01/07/2013;Transilien;L;Paris Saint-Lazare Sud;87.2;6.8
26;01/08/2013;RER;C;RERC;93.4;14.2
27;01/08/2013;RER;E;RERE;95.4;20.7
28;01/08/2013;Transilien;U;La Verrière - La Défense;95.3;20.3
29;01/09/2013;RER;B;RERB;86.6;6.5
30;01/09/2013;RER;C;RERC;93.1;13.5
31;01/09/2013;Transilien;P;Paris Est;88.0;7.3
32;01/02/2013;Transilien;N;Paris Montparnasse;93.3;13.9
33;01/10/2013;RER;B;RERB;80.7;4.2
34;01/02/2013;Transilien;P;Paris Est;89.4;8.4
35;01/11/2013;RER;B;RERB;77.9;3.5
36;01/02/2013;Transilien;R;Paris Sud Est;88.2;7.5
37;01/11/2013;RER;C;RERC;85.5;5.9
38;01/03/2013;Transilien;J;Paris Saint-Lazare Nord;84.2;5.3
39;01/11/2013;Transilien;L;Paris Saint-Lazare Sud;77.8;3.5
40;01/03/2013;Transilien;K;Paris Nord Crépy;77.3;3.4
41;01/12/2013;Transilien;K;Paris Nord Crépy;83.1;4.9
42;01/04/2013;RER;B;RERB;86.4;6.4
43;01/12/2013;Transilien;N;Paris Montparnasse;92.8;12.9
44;01/04/2013;RER;C;RERC;88.7;7.8
45;01/01/2014;Transilien;L;Paris Saint-Lazare Sud;82.3;4.6
46;01/04/2013;RER;E;RERE;96.2;25.3
47;01/01/2014;Transilien;P;Paris Est;91.0;10.1
48;01/04/2013;Transilien;L;Paris Saint-Lazare Sud;84.4;5.4
49;01/02/2014;RER;A;RERA;85.7;6.0
50;01/04/2013;Transilien;R;Paris Sud Est;89.3;8.3
51;01/02/2014;Transilien;L;Paris Saint-Lazare Sud;83.1;4.9
52;01/05/2013;RER;C;RERC;92.3;12.0
53;01/02/2014;Transilien;P;Paris Est;90.4;9.4
54;01/05/2013;Transilien;H;Paris Nord Ouest;95.9;23.4
55;01/03/2014;RER;C;RERC;91.5;10.8
56;01/05/2013;Transilien;N;Paris Montparnasse;96.1;24.6
57;01/03/2014;Transilien;K;Paris Nord Crépy;87.9;7.3
58;01/06/2013;RER;A;RERA;83.4;5.0
59;01/04/2014;RER;C;RERC;91.6;10.9
60;01/06/2013;RER;B;RERB;82.2;4.6
61;01/04/2014;Transilien;J;Paris Saint-Lazare Nord;88.9;8.0
62;01/06/2013;Transilien;U;La Verrière - La Défense;93.2;13.7
63;01/04/2014;Transilien;L;Paris Saint-Lazare Sud;86.7;6.5
64;01/07/2013;Transilien;J;Paris Saint-Lazare Nord;87.0;6.7
65;01/04/2014;Transilien;R;Paris Sud Est;88.5;7.7
66;01/07/2013;Transilien;P;Paris Est;90.1;9.1
67;01/05/2014;RER;C;RERC;91.7;11.0
68;01/07/2013;Transilien;U;La Verrière - La Défense;94.3;16.5
69;01/05/2014;RER;E;RERE;93.3;13.9
70;01/08/2013;RER;B;RERB;89.9;8.9
71;01/05/2014;Transilien;J;Paris Saint-Lazare Nord;87.1;6.8
72;01/08/2013;Transilien;H;Paris Nord Ouest;95.4;20.7
73;01/05/2014;Transilien;K;Paris Nord Crépy;91.9;11.3
74;01/08/2013;Transilien;J;Paris Saint-Lazare Nord;89.2;8.3
75;01/06/2014;RER;A;RERA;72.6;2.6
76;01/08/2013;Transilien;K;Paris Nord Crépy;88.3;7.5
77;01/06/2014;RER;C;RERC;87.3;6.9
78;01/08/2013;Transilien;R;Paris Sud Est;92.0;11.5
79;01/06/2014;Transilien;K;Paris Nord Crépy;79.6;3.9
80;01/09/2013;Transilien;J;Paris Saint-Lazare Nord;88.8;7.9
81;01/07/2014;RER;A;RERA;70.5;2.4
82;01/09/2013;Transilien;L;Paris Saint-Lazare Sud;84.9;5.6
83;01/07/2014;Transilien;H;Paris Nord Ouest;93.1;13.5
84;01/09/2013;Transilien;N;Paris Montparnasse;92.7;12.7
85;01/07/2014;Transilien;J;Paris Saint-Lazare Nord;85.9;6.1
86;01/01/2013;RER;B;RERB;80.1;4.0
87;01/09/2013;Transilien;R;Paris Sud Est;89.6;8.6
88;01/07/2014;Transilien;K;Paris Nord Crépy;87.6;7.1
89;01/01/2013;RER;C;RERC;91.9;11.3
90;01/10/2013;RER;E;RERE;95.2;19.8
91;01/07/2014;Transilien;P;Paris Est;88.1;7.4
92;01/01/2013;RER;E;RERE;93.3;13.9
93;01/10/2013;Transilien;H;Paris Nord Ouest;94.2;16.2
94;01/08/2014;RER;B;RERB;90.7;9.8
95;01/01/2013;Transilien;L;Paris Saint-Lazare Sud;84.0;5.3
96;01/11/2013;RER;E;RERE;92.0;11.5
97;01/08/2014;RER;D;RERD;92.0;11.5
98;01/01/2013;Transilien;N;Paris Montparnasse;94.7;17.9
99;01/11/2013;Transilien;H;Paris Nord Ouest;93.1;13.5
100;01/08/2014;Transilien;L;Paris Saint-Lazare Sud;92.0;11.5
101;01/02/2013;Transilien;H;Paris Nord Ouest;92.7;12.7
102;01/12/2013;RER;E;RERE;94.9;18.6
103;01/08/2014;Transilien;P;Paris Est;92.6;12.5
104;01/03/2013;RER;B;RERB;82.7;4.8
105;01/01/2014;RER;D;RERD;86.0;6.1
106;01/09/2014;Transilien;R;Paris Sud Est;88.9;8.0
107;01/03/2013;RER;D;RERD;80.0;4.0
108;01/01/2014;RER;E;RERE;93.6;14.6
109;01/10/2014;RER;B;RERB;85.5;5.9
110;01/03/2013;RER;E;RERE;92.9;13.1
111;01/01/2014;Transilien;N;Paris Montparnasse;96.1;24.6
112;01/10/2014;RER;E;RERE;94.0;15.7
113;01/03/2013;Transilien;L;Paris Saint-Lazare Sud;81.8;4.5
114;01/01/2014;Transilien;U;La Verrière - La Défense;93.2;13.7
115;01/10/2014;Transilien;L;Paris Saint-Lazare Sud;82.4;4.7
116;01/03/2013;Transilien;R;Paris Sud Est;89.2;8.3
117;01/02/2014;RER;C;RERC;90.8;9.9
118;01/10/2014;Transilien;R;Paris Sud Est;77.9;3.5
119;01/03/2013;Transilien;U;La Verrière - La Défense;89.2;8.3
120;01/02/2014;RER;D;RERD;88.2;7.5
121;01/11/2014;Transilien;L;Paris Saint-Lazare Sud;81.31;4.4
122;01/04/2013;RER;D;RERD;82.9;4.8
123;01/02/2014;Transilien;R;Paris Sud Est;85.3;5.8
124;01/11/2014;Transilien;P;Paris Est;87.28;6.9
125;01/04/2013;Transilien;J;Paris Saint-Lazare Nord;85.0;5.7
126;01/03/2014;RER;B;RERB;87.9;7.3
127;01/11/2014;Transilien;U;La Verrière - La Défense;88.863;8.0
128;01/05/2013;RER;B;RERB;84.0;5.3
129;01/03/2014;Transilien;H;Paris Nord Ouest;96.4;26.8
130;01/12/2014;RER;E;RERE;92.7;12.7
131;01/05/2013;Transilien;P;Paris Est;90.4;9.4
132;01/03/2014;Transilien;J;Paris Saint-Lazare Nord;87.1;6.8
133;01/12/2014;Transilien;N;Paris Montparnasse;94.0;15.7
134;01/05/2013;Transilien;U;La Verrière - La Défense;95.3;20.3
135;01/03/2014;Transilien;P;Paris Est;88.8;7.9
136;01/12/2014;Transilien;P;Paris Est;88.7;7.8
137;01/06/2013;Transilien;L;Paris Saint-Lazare Sud;82.3;4.6
138;01/04/2014;RER;A;RERA;85.7;6.0
139;01/12/2014;Transilien;R;Paris Sud Est;87.6;7.1
140;01/06/2013;Transilien;R;Paris Sud Est;89.5;8.5
141;01/04/2014;RER;E;RERE;93.9;15.4
142;01/01/2015;Transilien;J;Paris Saint-Lazare Nord;87.233;6.8
143;01/07/2013;RER;C;RERC;90.8;9.9
144;01/04/2014;Transilien;U;La Verrière - La Défense;94.5;17.2
145;01/02/2015;RER;C;RERC;91.609;10.9
146;01/07/2013;RER;E;RERE;94.0;15.7
147;01/05/2014;RER;D;RERD;85.9;6.1
148;01/02/2015;Transilien;H;Paris Nord Ouest;94.178;16.2
149;01/07/2013;Transilien;H;Paris Nord Ouest;94.4;16.9
150;01/05/2014;Transilien;N;Paris Montparnasse;96.1;24.6
151;01/02/2015;Transilien;J;Paris Saint-Lazare Nord;85.058;5.7
152;01/07/2013;Transilien;R;Paris Sud Est;88.5;7.7
153;01/05/2014;Transilien;R;Paris Sud Est;89.7;8.7
154;01/02/2015;Transilien;K;Paris Nord Crépy;85.087;5.7
155;01/08/2013;RER;D;RERD;90.4;9.4
156;01/05/2014;Transilien;U;La Verrière - La Défense;94.0;15.7
157;01/02/2015;Transilien;N;Paris Montparnasse;93.771;15.1
158;01/09/2013;RER;D;RERD;83.1;4.9
159;01/06/2014;RER;E;RERE;95.4;20.7
160;01/03/2015;RER;B;RERB;89.854;8.9
161;01/09/2013;RER;E;RERE;96.8;30.3
162;01/06/2014;Transilien;H;Paris Nord Ouest;93.9;15.4
163;01/03/2015;RER;D;RERD;86.308;6.3
164;01/09/2013;Transilien;K;Paris Nord Crépy;86.0;6.1
165;01/06/2014;Transilien;J;Paris Saint-Lazare Nord;84.9;5.6
166;01/03/2015;Transilien;J;Paris Saint-Lazare Nord;87.498;7.0
167;01/10/2013;RER;D;RERD;79.6;3.9
168;01/06/2014;Transilien;L;Paris Saint-Lazare Sud;84.0;5.3
169;01/03/2015;Transilien;L;Paris Saint-Lazare Sud;82.902;4.8
170;01/10/2013;Transilien;K;Paris Nord Crépy;81.2;4.3
171;01/06/2014;Transilien;P;Paris Est;89.4;8.4
172;01/03/2015;Transilien;P;Paris Est;93.254;13.8
173;01/10/2013;Transilien;L;Paris Saint-Lazare Sud;82.0;4.6
174;01/06/2014;Transilien;R;Paris Sud Est;86.1;6.2
175;01/04/2015;RER;B;RERB;86.173;6.2
176;01/10/2013;Transilien;R;Paris Sud Est;89.4;8.4
177;01/08/2014;Transilien;H;Paris Nord Ouest;95.5;21.2
178;01/04/2015;Transilien;J;Paris Saint-Lazare Nord;90.79;9.9
179;01/10/2013;Transilien;U;La Verrière - La Défense;91.6;10.9
180;01/08/2014;Transilien;U;La Verrière - La Défense;95.4;20.7
181;01/05/2015;Transilien;J;Paris Saint-Lazare Nord;90.925;10.0
182;01/11/2013;Transilien;N;Paris Montparnasse;88.1;7.4
183;01/09/2014;RER;D;RERD;87.0;6.7
184;01/05/2015;Transilien;L;Paris Saint-Lazare Sud;85.842;6.1
185;01/11/2013;Transilien;U;La Verrière - La Défense;88.4;7.6
186;01/09/2014;Transilien;K;Paris Nord Crépy;92.1;11.7
187;01/05/2015;Transilien;P;Paris Est;92.703;12.7
188;01/12/2013;Transilien;R;Paris Sud Est;90.2;9.2
189;01/09/2014;Transilien;N;Paris Montparnasse;91.6;10.9
190;01/06/2015;RER;C;RERC;86.173;6.2
191;01/12/2013;Transilien;U;La Verrière - La Défense;90.6;9.6
192;01/09/2014;Transilien;P;Paris Est;93.5;14.4
193;01/06/2015;RER;E;RERE;93.059;13.4
194;01/01/2014;RER;B;RERB;81.3;4.3
195;01/09/2014;Transilien;U;La Verrière - La Défense;95.9;23.4
196;01/06/2015;Transilien;N;Paris Montparnasse;87.838;7.2
197;01/03/2014;RER;A;RERA;83.3;5.0
198;01/10/2014;RER;A;RERA;68.8;2.2
199;01/06/2015;Transilien;P;Paris Est;88.835;8.0
200;01/03/2014;RER;E;RERE;94.4;16.9
201;01/10/2014;Transilien;J;Paris Saint-Lazare Nord;83.4;5.0
202;01/07/2015;Transilien;P;Paris Est;90.1;9.1
203;01/03/2014;Transilien;L;Paris Saint-Lazare Sud;88.2;7.5
204;01/11/2014;Transilien;J;Paris Saint-Lazare Nord;85.776;6.0
205;01/07/2015;Transilien;R;Paris Sud Est;88.8;7.9
206;01/04/2014;RER;D;RERD;88.5;7.7
207;01/11/2014;Transilien;N;Paris Montparnasse;91.45;10.7
208;01/08/2015;RER;A;RERA;82.997;4.9
209;01/04/2014;Transilien;K;Paris Nord Crépy;87.0;6.7
210;01/12/2014;RER;B;RERB;84.6;5.5
211;01/08/2015;RER;B;RERB;92.918;13.1
212;01/04/2014;Transilien;P;Paris Est;87.9;7.3
213;01/12/2014;Transilien;K;Paris Nord Crépy;83.6;5.1
214;01/08/2015;RER;E;RERE;94.7;17.9
215;01/05/2014;Transilien;H;Paris Nord Ouest;96.9;31.3
216;01/01/2015;RER;A;RERA;74.5;2.9
217;01/08/2015;Transilien;K;Paris Nord Crépy;87.6;7.1
218;01/05/2014;Transilien;L;Paris Saint-Lazare Sud;88.8;7.9
219;01/01/2015;RER;D;RERD;86.563;6.4
220;01/08/2015;Transilien;U;La Verrière - La Défense;95.9;23.4
221;01/06/2014;RER;D;RERD;85.2;5.8
222;01/01/2015;RER;E;RERE;94.905;18.6
223;01/09/2015;RER;C;RERC;90.693;9.7
224;01/07/2014;Transilien;N;Paris Montparnasse;94.2;16.2
225;01/01/2015;Transilien;N;Paris Montparnasse;93.886;15.4
226;01/09/2015;Transilien;J;Paris Saint-Lazare Nord;85.144;5.7
227;01/08/2014;RER;A;RERA;81.2;4.3
228;01/01/2015;Transilien;P;Paris Est;90.949;10.0
229;01/09/2015;Transilien;K;Paris Nord Crépy;87.9;7.3
230;01/08/2014;RER;C;RERC;93.9;15.4
231;01/02/2015;RER;A;RERA;73.095;2.7
232;01/10/2015;RER;D;RERD;84.198;5.3
233;01/08/2014;RER;E;RERE;96.0;24.0
234;01/02/2015;RER;B;RERB;85.397;5.8
235;01/11/2015;RER;A;RERA;67.1;2.0
236;01/08/2014;Transilien;N;Paris Montparnasse;94.0;15.7
237;01/02/2015;Transilien;R;Paris Sud Est;91.222;10.4
238;01/11/2015;RER;B;RERB;86.6;6.5
239;01/09/2014;RER;B;RERB;87.4;6.9
240;01/04/2015;Transilien;K;Paris Nord Crépy;86.185;6.2
241;01/11/2015;Transilien;H;Paris Nord Ouest;94.3;16.5
242;01/09/2014;RER;E;RERE;96.0;24.0
243;01/04/2015;Transilien;L;Paris Saint-Lazare Sud;81.752;4.5
244;01/12/2015;Transilien;H;Paris Nord Ouest;96.2;25.3
245;01/09/2014;Transilien;H;Paris Nord Ouest;96.3;26.0
246;01/04/2015;Transilien;P;Paris Est;87.956;7.3
247;01/01/2016;Transilien;P;Paris Est;89.5;8.5
248;01/09/2014;Transilien;J;Paris Saint-Lazare Nord;84.6;5.5
249;01/05/2015;RER;D;RERD;86.377;6.3
250;01/02/2016;RER;D;RERD;86.7;6.5
251;01/09/2014;Transilien;L;Paris Saint-Lazare Sud;85.7;6.0
252;01/05/2015;Transilien;N;Paris Montparnasse;93.781;15.1
253;01/02/2016;Transilien;L;Paris Saint-Lazare Sud;89.4;8.4
254;01/10/2014;Transilien;H;Paris Nord Ouest;93.7;14.9
255;01/05/2015;Transilien;R;Paris Sud Est;85.632;6.0
256;01/02/2016;Transilien;P;Paris Est;88.1;7.4
257;01/10/2014;Transilien;P;Paris Est;90.7;9.8
258;01/05/2015;Transilien;U;La Verrière - La Défense;94.944;18.8
259;01/02/2016;Transilien;R;Paris Sud Est;88.1;7.4
260;01/11/2014;RER;A;RERA;69.8;2.3
261;01/06/2015;RER;A;RERA;71.15;2.5
262;01/03/2016;RER;E;RERE;95.7;22.3
263;01/11/2014;RER;D;RERD;84.779;5.6
264;01/06/2015;RER;B;RERB;84.971;5.7
265;01/03/2016;Transilien;K;Paris Nord Crépy;85.8;6.0
266;01/11/2014;Transilien;H;Paris Nord Ouest;94.748;18.0
267;01/06/2015;RER;D;RERD;82.81;4.8
268;01/03/2016;Transilien;U;La Verrière - La Défense;93.5;14.4
269;01/01/2015;Transilien;L;Paris Saint-Lazare Sud;82.137;4.6
270;01/06/2015;Transilien;R;Paris Sud Est;85.187;5.8
271;01/04/2016;RER;B;RERB;90.1;9.1
272;01/03/2015;Transilien;K;Paris Nord Crépy;88.119;7.4
273;01/07/2015;RER;C;RERC;88.3;7.5
274;01/04/2016;Transilien;J;Paris Saint-Lazare Nord;91.0;10.1
275;01/03/2015;Transilien;U;La Verrière - La Défense;95.922;23.5
276;01/07/2015;Transilien;H;Paris Nord Ouest;92.8;12.9
277;01/05/2016;RER;A;RERA;75.3;3.0
278;01/05/2015;RER;C;RERC;91.445;10.7
279;01/07/2015;Transilien;J;Paris Saint-Lazare Nord;86.9;6.6
280;01/05/2016;RER;D;RERD;85.7;6.0
281;01/06/2015;Transilien;H;Paris Nord Ouest;92.322;12.0
282;01/07/2015;Transilien;L;Paris Saint-Lazare Sud;78.5;3.7
283;01/05/2016;Transilien;H;Paris Nord Ouest;96.1;24.6
284;01/06/2015;Transilien;U;La Verrière - La Défense;93.659;14.8
285;01/07/2015;Transilien;N;Paris Montparnasse;90.6;9.6
286;01/05/2016;Transilien;L;Paris Saint-Lazare Sud;87.3;6.9
287;01/07/2015;RER;A;RERA;73.1;2.7
288;01/08/2015;RER;D;RERD;91.5;10.8
289;01/05/2016;Transilien;U;La Verrière - La Défense;93.5;14.4
290;01/07/2015;RER;B;RERB;90.9;10.0
291;01/09/2015;RER;A;RERA;69.995;2.3
292;01/06/2016;RER;C;RERC;88.1;7.4
293;01/07/2015;Transilien;U;La Verrière - La Défense;92.3;12.0
294;01/09/2015;RER;D;RERD;87.083;6.7
295;01/06/2016;RER;E;RERE;93.0;13.3
296;01/08/2015;Transilien;N;Paris Montparnasse;96.3;26.0
297;01/09/2015;Transilien;P;Paris Est;86.054;6.2
298;01/06/2016;Transilien;P;Paris Est;90.1;9.1
299;01/08/2015;Transilien;R;Paris Sud Est;91.2;10.4
300;01/10/2015;RER;C;RERC;88.034;7.4
301;01/06/2016;Transilien;U;La Verrière - La Défense;91.0;10.1
302;01/09/2015;Transilien;L;Paris Saint-Lazare Sud;84.187;5.3
303;01/11/2015;RER;C;RERC;85.8;6.0
304;01/07/2016;RER;A;RERA;73.0;2.7
305;01/10/2015;RER;A;RERA;65.83;1.9
306;01/11/2015;RER;D;RERD;81.6;4.4
307;01/07/2016;Transilien;K;Paris Nord Crépy;86.9;6.6
308;01/10/2015;RER;B;RERB;89.983;9.0
309;01/11/2015;Transilien;L;Paris Saint-Lazare Sud;80.6;4.2
310;01/07/2016;Transilien;N;Paris Montparnasse;94.7;17.9
311;01/10/2015;RER;E;RERE;94.987;18.9
312;01/11/2015;Transilien;P;Paris Est;87.9;7.3
313;01/07/2016;Transilien;U;La Verrière - La Défense;96.5;27.6
314;01/10/2015;Transilien;L;Paris Saint-Lazare Sud;82.69;4.8
315;01/11/2015;Transilien;R;Paris Sud Est;82.2;4.6
316;01/08/2016;RER;A;RERA;82.3;4.6
317;01/10/2015;Transilien;R;Paris Sud Est;85.045;5.7
318;01/11/2015;Transilien;U;La Verrière - La Défense;90.5;9.5
319;01/01/2013;Transilien;P;Paris Est;85.8;6.0
320;01/08/2016;RER;E;RERE;92.7;12.7
321;01/11/2015;Transilien;J;Paris Saint-Lazare Nord;88.3;7.5
322;01/12/2015;RER;E;RERE;95.5;21.2
323;01/01/2013;Transilien;U;La Verrière - La Défense;92.3;12.0
324;01/08/2016;Transilien;J;Paris Saint-Lazare Nord;86.3;6.3
325;01/11/2015;Transilien;K;Paris Nord Crépy;85.0;5.7
326;01/12/2015;Transilien;J;Paris Saint-Lazare Nord;89.7;8.7
327;01/02/2013;RER;E;RERE;94.7;17.9
328;01/08/2016;Transilien;N;Paris Montparnasse;92.0;11.5
329;01/12/2015;RER;A;RERA;70.158;2.4
330;01/01/2016;RER;D;RERD;81.4;4.4
331;01/02/2013;Transilien;K;Paris Nord Crépy;75.2;3.0
332;01/08/2016;Transilien;R;Paris Sud Est;89.4;8.4
333;01/12/2015;RER;B;RERB;87.995;7.3
334;01/01/2016;Transilien;K;Paris Nord Crépy;81.5;4.4
335;01/02/2013;Transilien;U;La Verrière - La Défense;91.7;11.0
336;01/08/2016;Transilien;U;La Verrière - La Défense;93.2;13.7
337;01/12/2015;RER;D;RERD;88.5;7.7
338;01/01/2016;Transilien;U;La Verrière - La Défense;94.1;15.9
339;01/03/2013;Transilien;N;Paris Montparnasse;89.1;8.2
340;01/09/2016;RER;D;RERD;85.8;6.0
341;01/12/2015;Transilien;P;Paris Est;92.5;12.3
342;01/02/2016;RER;A;RERA;71.7;2.5
343;01/04/2013;RER;A;RERA;83.3;5.0
344;01/09/2016;RER;E;RERE;94.4;16.9
345;01/12/2015;Transilien;R;Paris Sud Est;86.9;6.6
346;01/02/2016;RER;E;RERE;93.1;13.5
347;01/04/2013;Transilien;U;La Verrière - La Défense;90.1;9.1
348;01/09/2016;Transilien;J;Paris Saint-Lazare Nord;92.1;11.7
349;01/12/2015;Transilien;U;La Verrière - La Défense;92.9;13.1
350;01/03/2016;RER;A;RERA;72.2;2.6
351;01/05/2013;RER;A;RERA;86.4;6.4
352;01/09/2016;Transilien;U;La Verrière - La Défense;92.4;12.2
353;01/01/2016;RER;A;RERA;69.1;2.2
354;01/03/2016;Transilien;H;Paris Nord Ouest;92.7;12.7
355;01/06/2013;RER;C;RERC;90.3;9.3
356;01/10/2016;RER;C;RERC;89.2;8.3
357;01/01/2016;RER;C;RERC;89.9;8.9
358;01/03/2016;Transilien;L;Paris Saint-Lazare Sud;89.9;8.9
359;01/06/2013;RER;E;RERE;93.9;15.4
360;01/10/2016;RER;E;RERE;93.0;13.3
361;01/01/2016;Transilien;J;Paris Saint-Lazare Nord;91.6;10.9
362;01/03/2016;Transilien;N;Paris Montparnasse;93.2;13.7
363;01/06/2013;Transilien;H;Paris Nord Ouest;94.1;15.9
364;01/11/2016;RER;B;RERB;82.0;4.6
365;01/02/2016;Transilien;J;Paris Saint-Lazare Nord;91.5;10.8
366;01/04/2016;RER;A;RERA;72.6;2.6
367;01/06/2013;Transilien;J;Paris Saint-Lazare Nord;83.5;5.1
368;01/11/2016;RER;D;RERD;83.4;5.0
369;01/02/2016;Transilien;U;La Verrière - La Défense;96.8;30.3
370;01/04/2016;RER;C;RERC;90.6;9.6
371;01/06/2013;Transilien;K;Paris Nord Crépy;71.9;2.6
372;01/11/2016;Transilien;H;Paris Nord Ouest;94.4;16.9
373;01/03/2016;Transilien;R;Paris Sud Est;90.8;9.9
374;01/04/2016;Transilien;K;Paris Nord Crépy;89.8;8.8
375;01/07/2013;RER;B;RERB;84.1;5.3
376;01/12/2016;RER;A;RERA;66.7;2.0
377;01/04/2016;RER;D;RERD;89.2;8.3
378;01/04/2016;Transilien;P;Paris Est;89.4;8.4
379;01/07/2013;Transilien;N;Paris Montparnasse;93.2;13.7
380;01/12/2016;RER;C;RERC;87.7;7.1
381;01/05/2016;RER;E;RERE;91.0;10.1
382;01/05/2016;RER;C;RERC;88.6;7.8
383;01/08/2013;RER;A;RERA;88.9;8.0
384;01/01/2017;Transilien;H;Paris Nord Ouest;94.4;16.9
385;01/05/2016;Transilien;P;Paris Est;88.0;7.3
386;01/05/2016;Transilien;J;Paris Saint-Lazare Nord;87.7;7.1
387;01/08/2013;Transilien;L;Paris Saint-Lazare Sud;89.9;8.9
388;01/01/2017;Transilien;J;Paris Saint-Lazare Nord;88.8;7.9
389;01/06/2016;RER;D;RERD;83.0;4.9
390;01/06/2016;RER;A;RERA;70.7;2.4
391;01/08/2013;Transilien;N;Paris Montparnasse;96.0;24.0
392;01/01/2017;Transilien;K;Paris Nord Crépy;95.7;22.3
393;01/07/2016;RER;B;RERB;87.8;7.2
394;01/07/2016;RER;C;RERC;86.4;6.4
395;01/09/2013;Transilien;H;Paris Nord Ouest;95.4;20.7
396;01/01/2017;Transilien;L;Paris Saint-Lazare Sud;87.0;6.7
397;01/07/2016;RER;E;RERE;89.9;8.9
398;01/07/2016;Transilien;H;Paris Nord Ouest;91.8;11.2
399;01/10/2013;RER;A;RERA;83.1;4.9
400;01/02/2017;RER;A;RERA;69.35;2.3
401;01/07/2016;Transilien;J;Paris Saint-Lazare Nord;87.2;6.8
402;01/07/2016;Transilien;P;Paris Est;86.4;6.4
403;01/10/2013;Transilien;N;Paris Montparnasse;92.6;12.5
404;01/02/2017;Transilien;N;Paris Montparnasse;89.9;8.9
405;01/07/2016;Transilien;L;Paris Saint-Lazare Sud;87.6;7.1
406;01/08/2016;RER;B;RERB;93.19;13.7
407;01/10/2013;Transilien;P;Paris Est;87.3;6.9
408;01/03/2017;RER;D;RERD;82.9;4.8
409;01/08/2016;Transilien;H;Paris Nord Ouest;95.1;19.4
410;01/08/2016;RER;C;RERC;90.3;9.3
411;01/11/2013;RER;A;RERA;80.9;4.2
412;01/03/2017;Transilien;J;Paris Saint-Lazare Nord;92.8;12.9
413;01/09/2016;RER;A;RERA;70.9;2.4
414;01/08/2016;RER;D;RERD;89.8;8.8
415;01/11/2013;Transilien;J;Paris Saint-Lazare Nord;80.7;4.2
416;01/03/2017;Transilien;N;Paris Montparnasse;93.4;14.2
417;01/10/2016;RER;D;RERD;84.9;5.6
418;01/08/2016;Transilien;K;Paris Nord Crépy;89.4;8.4
419;01/12/2013;RER;C;RERC;90.9;10.0
420;01/05/2017;RER;A;RERA;70.889;2.4
421;01/10/2016;Transilien;R;Paris Sud Est;83.1;4.9
422;01/09/2016;Transilien;K;Paris Nord Crépy;96.3;26.0
423;01/12/2013;Transilien;J;Paris Saint-Lazare Nord;84.4;5.4
424;01/05/2017;Transilien;N;Paris Montparnasse;89.215;8.3
425;01/11/2016;RER;A;RERA;65.9;1.9
426;01/09/2016;Transilien;N;Paris Montparnasse;90.8;9.9
427;01/01/2014;Transilien;H;Paris Nord Ouest;95.9;23.4
428;01/06/2017;RER;E;RERE;86.617;6.5
429;01/11/2016;Transilien;J;Paris Saint-Lazare Nord;86.4;6.4
430;01/10/2016;Transilien;K;Paris Nord Crépy;95.4;20.7
431;01/02/2014;RER;B;RERB;88.9;8.0
432;01/06/2017;Transilien;J;Paris Saint-Lazare Nord;89.879;8.9
433;01/01/2017;RER;A;RERA;68.25;2.1
434;01/11/2016;Transilien;K;Paris Nord Crépy;96.1;24.6
435;01/02/2014;RER;E;RERE;95.0;19.0
436;01/06/2017;Transilien;P;Paris Est;82.038;4.6
437;01/01/2017;RER;E;RERE;92.3;12.0
438;01/12/2016;RER;B;RERB;81.7;4.5
439;01/02/2014;Transilien;H;Paris Nord Ouest;96.1;24.6
440;01/07/2017;RER;B;RERB;88.586;7.8
441;01/01/2017;Transilien;N;Paris Montparnasse;86.6;6.5
442;01/12/2016;RER;D;RERD;80.8;4.2
443;01/02/2014;Transilien;J;Paris Saint-Lazare Nord;85.4;5.8
444;01/07/2017;RER;E;RERE;88.33;7.6
445;01/02/2017;RER;B;RERB;89.8;8.8
446;01/12/2016;Transilien;J;Paris Saint-Lazare Nord;88.5;7.7
447;01/02/2014;Transilien;K;Paris Nord Crépy;84.4;5.4
448;01/07/2017;Transilien;J;Paris Saint-Lazare Nord;91.211;10.4
449;01/02/2017;RER;D;RERD;87.0;6.7
450;01/12/2016;Transilien;N;Paris Montparnasse;90.1;9.1
451;01/02/2014;Transilien;N;Paris Montparnasse;95.1;19.4
452;01/09/2017;RER;B;RERB;87.3;6.9
453;01/02/2017;Transilien;P;Paris Est;91.8;11.2
454;01/01/2017;Transilien;U;La Verrière - La Défense;95.2;19.8
455;01/02/2014;Transilien;U;La Verrière - La Défense;92.2;11.8
456;01/09/2017;Transilien;P;Paris Est;93.8;15.1
457;01/03/2017;RER;B;RERB;83.8;5.2
458;01/03/2017;RER;A;RERA;71.0;2.4
459;01/03/2014;Transilien;N;Paris Montparnasse;95.4;20.7
460;01/09/2017;Transilien;U;La Verrière - La Défense;93.0;13.3
461;01/03/2017;RER;C;RERC;89.5;8.5
462;01/03/2017;Transilien;K;Paris Nord Crépy;92.9;13.1
463;01/03/2014;Transilien;U;La Verrière - La Défense;94.0;15.7
464;01/10/2017;RER;B;RERB;79.7;3.9
465;01/03/2017;Transilien;R;Paris Sud Est;86.3;6.3
466;01/03/2017;Transilien;L;Paris Saint-Lazare Sud;90.1;9.1
467;01/04/2014;RER;B;RERB;88.5;7.7
468;01/10/2017;RER;D;RERD;83.0;4.9
469;01/04/2017;RER;C;RERC;85.9;6.1
470;01/03/2017;Transilien;U;La Verrière - La Défense;94.8;18.2
471;01/04/2014;Transilien;H;Paris Nord Ouest;95.7;22.3
472;01/10/2017;RER;E;RERE;91.8;11.2
473;01/04/2017;Transilien;U;La Verrière - La Défense;94.8;18.2
474;01/04/2017;RER;A;RERA;73.9;2.8
475;01/04/2014;Transilien;N;Paris Montparnasse;95.8;22.8
476;01/10/2017;Transilien;J;Paris Saint-Lazare Nord;90.2;9.2
477;01/05/2017;RER;B;RERB;82.258;4.6
478;01/04/2017;RER;E;RERE;93.5;14.4
479;01/06/2014;RER;B;RERB;;0.0
480;01/10/2017;Transilien;L;Paris Saint-Lazare Sud;86.4;6.4
481;01/05/2017;RER;C;RERC;86.672;6.5
482;01/04/2017;Transilien;J;Paris Saint-Lazare Nord;92.4;12.2
483;01/06/2014;Transilien;N;Paris Montparnasse;94.7;17.9
484;01/10/2017;Transilien;P;Paris Est;86.7;6.5
485;01/05/2017;Transilien;K;Paris Nord Crépy;87.682;7.1
486;01/04/2017;Transilien;L;Paris Saint-Lazare Sud;92.3;12.0
487;01/06/2014;Transilien;U;La Verrière - La Défense;95.5;21.2
488;01/11/2017;RER;B;RERB;83.3;5.0
489;01/05/2017;Transilien;U;La Verrière - La Défense;89.266;8.3
490;01/04/2017;Transilien;R;Paris Sud Est;83.6;5.1
491;01/07/2014;RER;B;RERB;86.9;6.6
492;01/11/2017;Transilien;P;Paris Est;89.7;8.7
493;01/06/2017;Transilien;K;Paris Nord Crépy;95.264;20.1
494;01/05/2017;RER;D;RERD;87.028;6.7
495;01/07/2014;RER;C;RERC;83.9;5.2
496;01/11/2017;Transilien;R;Paris Sud Est;79.3;3.8
497;01/06/2017;Transilien;R;Paris Sud Est;76.235;3.2
498;01/05/2017;Transilien;H;Paris Nord Ouest;79.812;4.0
499;01/07/2014;RER;D;RERD;86.6;6.5
500;01/12/2017;Transilien;H;Paris Nord Ouest;89.4;8.4
501;01/07/2017;RER;A;RERA;70.835;2.4
502;01/06/2017;RER;A;RERA;69.948;2.3
503;01/07/2014;RER;E;RERE;92.5;12.3
504;01/12/2017;Transilien;N;Paris Montparnasse;86.0;6.1
505;01/07/2017;Transilien;N;Paris Montparnasse;88.009;7.3
506;01/06/2017;Transilien;H;Paris Nord Ouest;86.436;6.4
507;01/07/2014;Transilien;L;Paris Saint-Lazare Sud;85.5;5.9
508;01/01/2018;RER;C;RERC;88.1;7.4
509;01/08/2017;RER;A;RERA;88.09;7.4
510;01/06/2017;Transilien;U;La Verrière - La Défense;91.709;11.1
511;01/08/2014;Transilien;R;Paris Sud Est;93.2;13.7
512;01/01/2018;RER;D;RERD;84.9;5.6
513;01/08/2017;Transilien;H;Paris Nord Ouest;97.6;40.7
514;01/07/2017;Transilien;H;Paris Nord Ouest;93.308;13.9
515;01/09/2014;RER;C;RERC;92.9;13.1
516;01/01/2018;Transilien;H;Paris Nord Ouest;92.4;12.2
517;01/09/2017;RER;E;RERE;95.0;19.0
518;01/07/2017;Transilien;R;Paris Sud Est;74.458;2.9
519;01/10/2014;RER;C;RERC;84.1;5.3
520;01/01/2018;Transilien;J;Paris Saint-Lazare Nord;92.2;11.8
521;01/09/2017;Transilien;H;Paris Nord Ouest;96.6;28.4
522;01/08/2017;RER;D;RERD;91.0;10.1
523;01/10/2014;Transilien;N;Paris Montparnasse;91.0;10.1
524;01/02/2018;RER;A;RERA;77.4;3.4
525;01/10/2017;RER;A;RERA;69.9;2.3
526;01/08/2017;RER;E;RERE;94.5;17.2
527;01/10/2014;Transilien;U;La Verrière - La Défense;93.6;14.6
528;01/02/2018;Transilien;K;Paris Nord Crépy;88.7;7.8
529;01/10/2017;RER;C;RERC;89.4;8.4
530;01/08/2017;Transilien;L;Paris Saint-Lazare Sud;92.5;12.3
531;01/11/2014;RER;B;RERB;86.1;6.2
532;01/02/2018;Transilien;U;La Verrière - La Défense;86.3;6.3
533;01/11/2017;Transilien;K;Paris Nord Crépy;90.3;9.3
534;01/08/2017;Transilien;R;Paris Sud Est;86.4;6.4
535;01/11/2014;RER;E;RERE;95.665;22.1
536;01/03/2018;RER;A;RERA;81.3;4.3
537;01/12/2017;Transilien;U;La Verrière - La Défense;91.4;10.6
538;01/09/2017;RER;A;RERA;72.9;2.7
539;01/11/2014;Transilien;R;Paris Sud Est;84.876;5.6
540;01/03/2018;Transilien;H;Paris Nord Ouest;93.7;14.9
541;01/01/2018;RER;A;RERA;79.6;3.9
542;01/09/2017;RER;C;RERC;92.3;12.0
543;01/12/2014;RER;A;RERA;67.3;2.1
544;01/03/2018;Transilien;U;La Verrière - La Défense;92.7;12.7
545;01/01/2018;RER;B;RERB;88.5;7.7
546;01/09/2017;Transilien;N;Paris Montparnasse;90.7;9.8
547;01/12/2014;Transilien;H;Paris Nord Ouest;94.1;15.9
548;01/04/2018;RER;E;RERE;94.4;16.9
549;01/01/2018;Transilien;L;Paris Saint-Lazare Sud;89.8;8.8
550;01/09/2017;Transilien;R;Paris Sud Est;80.9;4.2
551;01/01/2015;RER;C;RERC;91.403;10.6
552;01/04/2018;Transilien;K;Paris Nord Crépy;90.6;9.6
553;01/02/2018;Transilien;H;Paris Nord Ouest;90.3;9.3
554;01/10/2017;Transilien;H;Paris Nord Ouest;92.5;12.3
555;01/01/2015;Transilien;U;La Verrière - La Défense;94.673;17.8
556;01/04/2018;Transilien;U;La Verrière - La Défense;92.9;13.1
557;01/03/2018;RER;C;RERC;90.5;9.5
558;01/10/2017;Transilien;N;Paris Montparnasse;90.4;9.4
559;01/02/2015;RER;D;RERD;87.642;7.1
560;01/05/2018;RER;E;RERE;95.6;21.7
561;01/03/2018;Transilien;L;Paris Saint-Lazare Sud;89.8;8.8
562;01/11/2017;RER;D;RERD;79.2;3.8
563;01/02/2015;RER;E;RERE;94.074;15.9
564;01/05/2018;Transilien;J;Paris Saint-Lazare Nord;92.3;12.0
565;01/03/2018;Transilien;R;Paris Sud Est;86.0;6.1
566;01/12/2017;RER;B;RERB;84.3;5.4
567;01/02/2015;Transilien;L;Paris Saint-Lazare Sud;81.819;4.5
568;01/06/2018;RER;B;RERB;87.4;6.9
569;01/04/2018;RER;B;RERB;87.4;6.9
570;01/12/2017;RER;C;RERC;88.7;7.8
571;01/02/2015;Transilien;P;Paris Est;92.771;12.8
572;01/06/2018;RER;E;RERE;92.9;13.1
573;01/04/2018;Transilien;L;Paris Saint-Lazare Sud;96.1;24.6
574;01/12/2017;RER;D;RERD;84.0;5.3
575;01/02/2015;Transilien;U;La Verrière - La Défense;91.446;10.7
576;01/06/2018;Transilien;H;Paris Nord Ouest;92.2;11.8
577;01/04/2018;Transilien;P;Paris Est;95.3;20.3
578;01/12/2017;Transilien;P;Paris Est;91.5;10.8
579;01/03/2015;Transilien;H;Paris Nord Ouest;96.064;24.4
580;01/07/2018;RER;C;RERC;88.9;8.0
581;01/05/2018;RER;A;RERA;82.2;4.6
582;01/12/2017;Transilien;R;Paris Sud Est;85.5;5.9
583;01/03/2015;Transilien;R;Paris Sud Est;90.349;9.4
584;01/07/2018;Transilien;N;Paris Montparnasse;79.0;3.8
585;01/05/2018;RER;D;RERD;85.4;5.8
586;01/01/2018;RER;E;RERE;93.6;14.6
587;01/04/2015;RER;A;RERA;71.977;2.6
588;01/07/2018;Transilien;U;La Verrière - La Défense;85.3;5.8
589;01/05/2018;Transilien;K;Paris Nord Crépy;83.1;4.9
590;01/01/2018;Transilien;K;Paris Nord Crépy;91.6;10.9
591;01/04/2015;RER;C;RERC;89.282;8.3
592;01/08/2018;Transilien;H;Paris Nord Ouest;96.7;29.3
593;01/05/2018;Transilien;R;Paris Sud Est;85.9;6.1
594;01/01/2018;Transilien;N;Paris Montparnasse;90.5;9.5
595;01/04/2015;Transilien;H;Paris Nord Ouest;95.079;19.3
596;01/09/2018;RER;C;RERC;90.0;9.0
597;01/05/2018;Transilien;U;La Verrière - La Défense;94.4;16.9
598;01/01/2018;Transilien;P;Paris Est;90.8;9.9
599;01/04/2015;Transilien;N;Paris Montparnasse;93.906;15.4
600;01/09/2018;Transilien;H;Paris Nord Ouest;95.9;23.4
601;01/06/2018;RER;D;RERD;84.4;5.4
602;01/01/2018;Transilien;U;La Verrière - La Défense;91.4;10.6
603;01/04/2015;Transilien;R;Paris Sud Est;86.115;6.2
604;01/09/2018;Transilien;J;Paris Saint-Lazare Nord;87.8;7.2
605;01/06/2018;Transilien;L;Paris Saint-Lazare Sud;89.9;8.9
606;01/02/2018;RER;B;RERB;79.8;4.0
607;01/05/2015;RER;A;RERA;71.217;2.5
608;01/09/2018;Transilien;R;Paris Sud Est;87.7;7.1
609;01/06/2018;Transilien;P;Paris Est;82.8;4.8
610;01/02/2018;Transilien;L;Paris Saint-Lazare Sud;84.9;5.6
611;01/05/2015;Transilien;H;Paris Nord Ouest;95.938;23.6
612;01/09/2018;Transilien;U;La Verrière - La Défense;93.6;14.6
613;01/07/2018;Transilien;K;Paris Nord Crépy;90.2;9.2
614;01/03/2018;RER;B;RERB;86.4;6.4
615;01/05/2015;Transilien;K;Paris Nord Crépy;91.384;10.6
616;01/10/2018;RER;C;RERC;90.4;9.4
617;01/08/2018;RER;E;RERE;94.7;17.9
618;01/03/2018;RER;E;RERE;93.0;13.3
619;01/06/2015;Transilien;J;Paris Saint-Lazare Nord;88.972;8.1
620;01/10/2018;Transilien;U;La Verrière - La Défense;95.0;19.0
621;01/08/2018;Transilien;J;Paris Saint-Lazare Nord;93.3;13.9
622;01/03/2018;Transilien;P;Paris Est;91.5;10.8
623;01/06/2015;Transilien;K;Paris Nord Crépy;90.043;9.0
624;01/11/2018;RER;D;RERD;77.4;3.4
625;01/09/2018;RER;B;RERB;87.0;6.7
626;01/05/2018;RER;C;RERC;94.1;15.9
627;01/08/2015;RER;C;RERC;93.1;13.5
628;01/11/2018;RER;E;RERE;93.4;14.2
629;01/09/2018;Transilien;N;Paris Montparnasse;91.1;10.2
630;01/06/2018;RER;A;RERA;80.0;4.0
631;01/08/2015;Transilien;J;Paris Saint-Lazare Nord;90.0;9.0
632;01/11/2018;Transilien;K;Paris Nord Crépy;87.2;6.8
633;01/10/2018;RER;D;RERD;83.5;5.1
634;01/06/2018;RER;C;RERC;88.7;7.8
635;01/08/2015;Transilien;P;Paris Est;90.8;9.9
636;01/12/2018;RER;C;RERC;87.3;6.9
637;01/10/2018;Transilien;K;Paris Nord Crépy;88.2;7.5
638;01/06/2018;Transilien;J;Paris Saint-Lazare Nord;94.0;15.7
639;01/09/2015;Transilien;R;Paris Sud Est;89.617;8.6
640;01/01/2019;RER;A;RERA;85.0;5.7
641;01/10/2018;Transilien;L;Paris Saint-Lazare Sud;91.6;10.9
642;01/06/2018;Transilien;K;Paris Nord Crépy;94.4;16.9
643;01/09/2015;Transilien;U;La Verrière - La Défense;92.786;12.9
644;01/01/2019;Transilien;H;Paris Nord Ouest;94.1;15.9
645;01/10/2018;Transilien;R;Paris Sud Est;90.0;9.0
646;01/06/2018;Transilien;U;La Verrière - La Défense;92.4;12.2
647;01/10/2015;Transilien;J;Paris Saint-Lazare Nord;87.99;7.3
648;01/01/2019;Transilien;L;Paris Saint-Lazare Sud;91.7;11.0
649;01/11/2018;Transilien;J;Paris Saint-Lazare Nord;88.6;7.8
650;01/07/2018;RER;B;RERB;85.9;6.1
651;01/10/2015;Transilien;K;Paris Nord Crépy;90.205;9.2
652;01/02/2019;Transilien;K;Paris Nord Crépy;94.867;18.5
653;01/12/2018;RER;B;RERB;85.6;5.9
654;01/08/2018;RER;C;RERC;92.4;12.2
655;01/10/2015;Transilien;N;Paris Montparnasse;87.447;7.0
656;01/03/2019;RER;A;RERA;88.3;7.5
657;01/01/2019;RER;B;RERB;83.9;5.2
658;01/08/2018;Transilien;K;Paris Nord Crépy;89.0;8.1
659;01/10/2015;Transilien;P;Paris Est;90.725;9.8
660;01/03/2019;Transilien;H;Paris Nord Ouest;96.317;26.2
661;01/01/2019;RER;E;RERE;92.0;11.5
662;01/08/2018;Transilien;R;Paris Sud Est;84.1;5.3
663;01/10/2015;Transilien;U;La Verrière - La Défense;91.457;10.7
664;01/03/2019;Transilien;P;Paris Est;90.751;9.8
665;01/01/2019;Transilien;R;Paris Sud Est;80.2;4.1
666;01/09/2018;RER;A;RERA;82.2;4.6
667;01/11/2015;RER;E;RERE;92.9;13.1
668;01/04/2019;Transilien;J;Paris Saint-Lazare Nord;91.837;11.3
669;01/02/2019;RER;C;RERC;85.672;6.0
670;01/09/2018;RER;D;RERD;84.5;5.5
671;01/11/2015;Transilien;N;Paris Montparnasse;88.5;7.7
672;01/04/2019;Transilien;K;Paris Nord Crépy;96.654;28.9
673;01/02/2019;Transilien;J;Paris Saint-Lazare Nord;91.762;11.1
674;01/09/2018;RER;E;RERE;94.4;16.9
675;01/01/2016;RER;B;RERB;85.5;5.9
676;01/04/2019;Transilien;L;Paris Saint-Lazare Sud;93.565;14.5
677;01/02/2019;Transilien;N;Paris Montparnasse;92.878;13.0
678;01/09/2018;Transilien;P;Paris Est;91.8;11.2
679;01/01/2016;RER;E;RERE;95.1;19.4
680;01/04/2019;Transilien;R;Paris Sud Est;88.984;8.1
681;01/03/2019;Transilien;J;Paris Saint-Lazare Nord;91.707;11.1
682;01/10/2018;RER;A;RERA;80.85;4.2
683;01/01/2016;Transilien;L;Paris Saint-Lazare Sud;89.0;8.1
684;01/05/2019;RER;C;RERC;90.955;10.1
685;01/03/2019;Transilien;L;Paris Saint-Lazare Sud;93.823;15.2
686;01/10/2018;Transilien;N;Paris Montparnasse;90.8;9.9
687;01/02/2016;RER;B;RERB;86.9;6.6
688;01/05/2019;RER;E;RERE;95.911;23.5
689;01/03/2019;Transilien;N;Paris Montparnasse;93.055;13.4
690;01/10/2018;Transilien;P;Paris Est;86.4;6.4
691;01/02/2016;RER;C;RERC;88.5;7.7
692;01/05/2019;Transilien;H;Paris Nord Ouest;92.613;12.5
693;01/03/2019;Transilien;R;Paris Sud Est;88.651;7.8
694;01/11/2018;RER;A;RERA;83.13;4.9
695;01/02/2016;Transilien;H;Paris Nord Ouest;95.1;19.4
696;01/05/2019;Transilien;P;Paris Est;91.624;10.9
697;01/04/2019;RER;C;RERC;90.907;10.0
698;01/11/2018;RER;B;RERB;79.03;3.8
699;01/03/2016;RER;D;RERD;84.3;5.4
700;01/06/2019;Transilien;K;Paris Nord Crépy;92.505;12.3
701;01/04/2019;RER;E;RERE;90.883;10.0
702;01/12/2018;RER;A;RERA;84.2;5.3
703;01/03/2016;Transilien;J;Paris Saint-Lazare Nord;91.1;10.2
704;01/06/2019;Transilien;L;Paris Saint-Lazare Sud;92.117;11.7
705;01/04/2019;Transilien;H;Paris Nord Ouest;96.27;25.8
706;01/12/2018;RER;E;RERE;93.6;14.6
707;01/04/2016;RER;E;RERE;93.7;14.9
708;01/06/2019;Transilien;P;Paris Est;86.779;6.6
709;01/04/2019;Transilien;N;Paris Montparnasse;94.439;17.0
710;01/12/2018;Transilien;K;Paris Nord Crépy;93.0;13.3
711;01/04/2016;Transilien;L;Paris Saint-Lazare Sud;89.4;8.4
712;01/07/2019;RER;A;RERA;84.462;5.4
713;01/05/2019;RER;A;RERA;88.536;7.7
714;01/12/2018;Transilien;P;Paris Est;87.8;7.2
715;01/04/2016;Transilien;N;Paris Montparnasse;94.3;16.5
716;01/07/2019;Transilien;J;Paris Saint-Lazare Nord;90.894;10.0
717;01/05/2019;Transilien;J;Paris Saint-Lazare Nord;91.964;11.4
718;01/01/2019;RER;C;RERC;88.1;7.4
719;01/04/2016;Transilien;R;Paris Sud Est;90.1;9.1
720;01/07/2019;Transilien;P;Paris Est;82.731;4.8
721;01/05/2019;Transilien;L;Paris Saint-Lazare Sud;91.796;11.2
722;01/01/2019;RER;D;RERD;84.0;5.3
723;01/04/2016;Transilien;U;La Verrière - La Défense;95.8;22.8
724;01/08/2019;RER;B;RERB;91.252;10.4
725;01/05/2019;Transilien;R;Paris Sud Est;91.536;10.8
726;01/01/2019;Transilien;J;Paris Saint-Lazare Nord;90.0;9.0
727;01/05/2016;RER;B;RERB;86.0;6.1
728;01/08/2019;RER;D;RERD;88.681;7.8
729;01/06/2019;RER;A;RERA;86.691;6.5
730;01/01/2019;Transilien;N;Paris Montparnasse;87.1;6.8
731;01/05/2016;Transilien;R;Paris Sud Est;81.1;4.3
732;01/08/2019;Transilien;H;Paris Nord Ouest;95.009;19.0
733;01/06/2019;Transilien;J;Paris Saint-Lazare Nord;86.187;6.2
734;01/02/2019;Transilien;L;Paris Saint-Lazare Sud;95.112;19.5
735;01/06/2016;Transilien;J;Paris Saint-Lazare Nord;90.5;9.5
736;01/08/2019;Transilien;K;Paris Nord Crépy;95.431;20.9
737;01/06/2019;Transilien;N;Paris Montparnasse;92.417;12.2
738;01/02/2019;Transilien;P;Paris Est;86.513;6.4
739;01/06/2016;Transilien;R;Paris Sud Est;84.5;5.5
740;01/08/2019;Transilien;U;La Verrière - La Défense;96.816;30.4
741;01/07/2019;RER;E;RERE;91.031;10.1
742;01/02/2019;Transilien;R;Paris Sud Est;84.265;5.4
743;01/07/2016;RER;D;RERD;85.8;6.0
744;01/09/2019;RER;E;RERE;90.13;9.1
745;01/07/2019;Transilien;K;Paris Nord Crépy;93.187;13.7
746;01/02/2019;Transilien;U;La Verrière - La Défense;96.535;27.9
747;01/08/2016;Transilien;L;Paris Saint-Lazare Sud;87.8;7.2
748;01/09/2019;Transilien;L;Paris Saint-Lazare Sud;93.834;15.2
749;01/08/2019;RER;A;RERA;94.061;15.8
750;01/03/2019;RER;B;RERB;89.0;8.1
751;01/09/2016;RER;B;RERB;87.8;7.2
752;01/09/2019;Transilien;U;La Verrière - La Défense;95.86;23.2
753;01/08/2019;Transilien;P;Paris Est;91.514;10.8
754;01/03/2019;RER;D;RERD;89.507;8.5
755;01/09/2016;Transilien;P;Paris Est;93.0;13.3
756;01/10/2019;Transilien;H;Paris Nord Ouest;90.329;9.3
757;01/09/2019;RER;B;RERB;82.206;4.6
758;01/03/2019;Transilien;K;Paris Nord Crépy;95.243;20.0
759;01/10/2016;RER;B;RERB;83.7;5.1
760;01/11/2019;RER;E;RERE;91.331;10.5
761;01/09/2019;Transilien;H;Paris Nord Ouest;96.494;27.5
762;01/03/2019;Transilien;U;La Verrière - La Défense;95.945;23.7
763;01/10/2016;Transilien;H;Paris Nord Ouest;95.6;21.7
764;01/11/2019;Transilien;N;Paris Montparnasse;91.196;10.4
765;01/10/2019;RER;B;RERB;76.488;3.3
766;01/04/2019;Transilien;U;La Verrière - La Défense;97.068;33.1
767;01/10/2016;Transilien;J;Paris Saint-Lazare Nord;90.7;9.8
768;01/03/2020;RER;A;RERA;89.859;8.861
769;01/10/2019;Transilien;L;Paris Saint-Lazare Sud;89.837;8.8
770;01/05/2019;RER;D;RERD;87.432;7.0
771;01/10/2016;Transilien;L;Paris Saint-Lazare Sud;88.2;7.5
772;01/03/2020;RER;C;RERC;93.441;14.246
773;01/10/2019;Transilien;R;Paris Sud Est;81.091;4.3
774;01/05/2019;Transilien;K;Paris Nord Crépy;92.738;12.8
775;01/10/2016;Transilien;P;Paris Est;90.7;9.8
776;01/06/2020;Transilien;H;Paris Nord Ouest;92.918;13.119
777;01/11/2019;Transilien;R;Paris Sud Est;86.259;6.3
778;01/06/2019;RER;B;RERB;84.57;5.5
779;01/11/2016;RER;E;RERE;93.0;13.3
780;01/06/2020;Transilien;R;Paris Sud Est;88.994;8.086
781;01/02/2020;RER;B;RERB;80.025;4.006
782;01/06/2019;RER;D;RERD;86.267;6.3
783;01/11/2016;Transilien;N;Paris Montparnasse;86.2;6.2
784;01/08/2020;RER;E;RERE;91.532;10.809
785;01/02/2020;RER;D;RERD;84.304;5.371
786;01/06/2019;Transilien;U;La Verrière - La Défense;94.129;16.0
787;01/12/2016;RER;E;RERE;94.0;15.7
788;01/08/2020;Transilien;K;Paris Nord Crépy;76.914;3.332
789;01/02/2020;Transilien;H;Paris Nord Ouest;90.557;9.59
790;01/07/2019;RER;B;RERB;84.912;5.6
791;01/12/2016;Transilien;H;Paris Nord Ouest;58.1;1.4
792;01/09/2020;RER;A;RERA;87.412;6.944
793;01/02/2020;Transilien;N;Paris Montparnasse;92.126;11.699
794;01/07/2019;RER;D;RERD;85.101;5.7
795;01/12/2016;Transilien;R;Paris Sud Est;88.6;7.8
796;01/09/2020;RER;B;RERB;83.409;5.027
797;01/03/2020;Transilien;K;Paris Nord Crépy;91.071;10.2
798;01/07/2019;Transilien;H;Paris Nord Ouest;93.664;14.8
799;01/01/2017;RER;B;RERB;87.8;7.2
800;01/09/2020;Transilien;J;Paris Saint-Lazare Nord;91.481;10.738
801;01/03/2020;Transilien;L;Paris Saint-Lazare Sud;94.21;16.271
802;01/07/2019;Transilien;N;Paris Montparnasse;92.452;12.2
803;01/01/2017;Transilien;P;Paris Est;89.6;8.6
804;01/09/2020;Transilien;K;Paris Nord Crépy;93.599;14.622
805;01/03/2020;Transilien;N;Paris Montparnasse;95.275;20.163
806;01/07/2019;Transilien;R;Paris Sud Est;86.516;6.4
807;01/02/2017;RER;C;RERC;83.4;5.0
808;01/09/2020;Transilien;P;Paris Est;92.999;13.283
809;01/03/2020;Transilien;U;La Verrière - La Défense;99.411;168.685
810;01/01/2013;RER;A;RERA;83.6;5.1
811;01/08/2019;RER;C;RERC;93.393;14.1
812;01/02/2017;RER;E;RERE;93.0;13.3
813;01/10/2020;RER;E;RERE;92.796;12.882
814;01/06/2020;RER;A;RERA;83.835;5.186
815;01/01/2013;Transilien;R;Paris Sud Est;87.2;6.8
816;01/08/2019;Transilien;L;Paris Saint-Lazare Sud;96.777;30.0
817;01/02/2017;Transilien;K;Paris Nord Crépy;94.6;17.5
818;01/11/2020;RER;D;RERD;89.029;8.115
819;01/06/2020;RER;D;RERD;90.639;9.683
820;01/03/2013;Transilien;H;Paris Nord Ouest;92.3;12.0
821;01/08/2019;Transilien;N;Paris Montparnasse;95.268;20.1
822;01/02/2017;Transilien;L;Paris Saint-Lazare Sud;90.1;9.1
823;01/11/2020;Transilien;L;Paris Saint-Lazare Sud;96.193;25.268
824;01/06/2020;Transilien;K;Paris Nord Crépy;92.545;12.414
825;01/04/2013;Transilien;N;Paris Montparnasse;90.2;9.2
826;01/09/2019;RER;D;RERD;86.799;6.6
827;01/02/2017;Transilien;U;La Verrière - La Défense;95.5;21.2
828;01/11/2020;Transilien;N;Paris Montparnasse;90.56;9.593
829;01/06/2020;Transilien;L;Paris Saint-Lazare Sud;93.307;13.94
830;01/05/2013;RER;D;RERD;87.1;6.8
831;01/09/2019;Transilien;J;Paris Saint-Lazare Nord;91.435;10.7
832;01/03/2017;Transilien;H;Paris Nord Ouest;90.4;9.4
833;01/12/2020;RER;E;RERE;93.577;14.569
834;01/06/2020;Transilien;P;Paris Est;92.538;12.401
835;01/05/2013;Transilien;K;Paris Nord Crépy;81.3;4.3
836;01/09/2019;Transilien;R;Paris Sud Est;86.238;6.3
837;01/03/2017;Transilien;P;Paris Est;93.2;13.7
838;01/01/2021;RER;A;RERA;83.676;5.126
839;01/06/2020;Transilien;U;La Verrière - La Défense;95.482;21.132
840;01/06/2013;Transilien;N;Paris Montparnasse;93.9;15.4
841;01/10/2019;RER;A;RERA;85.823;6.1
842;01/04/2017;RER;D;RERD;86.3;6.3
843;01/01/2021;Transilien;P;Paris Est;91.682;11.023
844;01/07/2020;RER;D;RERD;88.805;7.932
845;01/06/2013;Transilien;P;Paris Est;89.4;8.4
846;01/10/2019;RER;C;RERC;82.873;4.8
847;01/04/2017;Transilien;H;Paris Nord Ouest;89.5;8.5
848;01/02/2021;RER;E;RERE;94.078;15.887
849;01/07/2020;Transilien;N;Paris Montparnasse;94.142;16.072
850;01/08/2013;Transilien;P;Paris Est;92.1;11.7
851;01/10/2019;Transilien;N;Paris Montparnasse;87.745;7.2
852;01/04/2017;Transilien;K;Paris Nord Crépy;93.4;14.2
853;01/02/2021;Transilien;J;Paris Saint-Lazare Nord;87.613;7.073
854;01/07/2020;Transilien;P;Paris Est;90.454;9.475
855;01/09/2013;RER;A;RERA;83.3;5.0
856;01/11/2019;RER;A;RERA;82.055;4.6
857;01/04/2017;Transilien;N;Paris Montparnasse;93.9;15.4
858;01/02/2021;Transilien;R;Paris Sud Est;85.204;5.759
859;01/08/2020;RER;A;RERA;85.83;6.057
860;01/09/2013;Transilien;U;La Verrière - La Défense;92.9;13.1
861;01/11/2019;Transilien;L;Paris Saint-Lazare Sud;91.801;11.2
862;01/05/2017;RER;E;RERE;91.693;11.0
863;01/03/2021;RER;D;RERD;90.802;9.872
864;01/08/2020;RER;B;RERB;76.672;3.287
865;01/10/2013;RER;C;RERC;85.6;5.9
866;01/02/2020;RER;A;RERA;83.008;4.885
867;01/05/2017;Transilien;J;Paris Saint-Lazare Nord;90.617;9.7
868;01/04/2021;RER;D;RERD;91.856;11.28
869;01/08/2020;Transilien;H;Paris Nord Ouest;90.715;9.77
870;01/10/2013;Transilien;J;Paris Saint-Lazare Nord;83.2;5.0
871;01/02/2020;Transilien;U;La Verrière - La Défense;95.379;20.64
872;01/05/2017;Transilien;P;Paris Est;91.442;10.7
873;01/04/2021;Transilien;J;Paris Saint-Lazare Nord;95.641;21.943
874;01/08/2020;Transilien;L;Paris Saint-Lazare Sud;95.972;23.829
875;01/11/2013;RER;D;RERD;76.9;3.3
876;01/03/2020;RER;B;RERB;73.521;2.777
877;01/06/2017;RER;B;RERB;88.535;7.7
878;01/04/2021;Transilien;N;Paris Montparnasse;93.668;14.793
879;01/09/2020;RER;C;RERC;91.069;10.197
880;01/11/2013;Transilien;K;Paris Nord Crépy;77.7;3.5
881;01/03/2020;RER;E;RERE;90.362;9.375
882;01/06/2017;Transilien;L;Paris Saint-Lazare Sud;86.837;6.6
883;01/05/2021;Transilien;J;Paris Saint-Lazare Nord;96.101;24.65
884;01/09/2020;Transilien;H;Paris Nord Ouest;94.268;16.445
885;01/11/2013;Transilien;P;Paris Est;82.8;4.8
886;01/03/2020;Transilien;H;Paris Nord Ouest;95.134;19.552
887;01/07/2017;RER;D;RERD;83.497;5.1
888;01/05/2021;Transilien;K;Paris Nord Crépy;95.799;22.803
889;01/10/2020;RER;A;RERA;82.491;4.711
890;01/11/2013;Transilien;R;Paris Sud Est;82.5;4.7
891;01/03/2020;Transilien;P;Paris Est;88.686;7.838
892;01/07/2017;Transilien;K;Paris Nord Crépy;90.507;9.5
893;01/05/2021;Transilien;R;Paris Sud Est;88.801;7.929
894;01/10/2020;RER;D;RERD;86.782;6.565
895;01/12/2013;RER;A;RERA;81.2;4.3
896;01/06/2020;RER;B;RERB;86.187;6.24
897;01/07/2017;Transilien;L;Paris Saint-Lazare Sud;89.264;8.3
898;01/06/2021;RER;B;RERB;82.345;4.664
899;01/10/2020;Transilien;J;Paris Saint-Lazare Nord;89.471;8.497
900;01/12/2013;RER;B;RERB;82.4;4.7
901;01/06/2020;RER;C;RERC;85.34;5.821
902;01/07/2017;Transilien;P;Paris Est;87.231;6.8
903;01/06/2021;Transilien;R;Paris Sud Est;89.928;8.928
904;01/11/2020;Transilien;J;Paris Saint-Lazare Nord;92.976;13.238
905;01/12/2013;RER;D;RERD;85.5;5.9
906;01/06/2020;RER;E;RERE;89.21;8.268
907;01/08/2017;RER;C;RERC;93.8;15.1
908;01/06/2021;Transilien;U;La Verrière - La Défense;95.997;23.983
909;01/11/2020;Transilien;K;Paris Nord Crépy;94.156;16.11
910;01/12/2013;Transilien;H;Paris Nord Ouest;94.7;17.9
911;01/07/2020;Transilien;R;Paris Sud Est;90.137;9.139
912;01/08/2017;Transilien;J;Paris Saint-Lazare Nord;91.4;10.6
913;01/08/2021;RER;B;RERB;75.721;3.119
914;01/11/2020;Transilien;U;La Verrière - La Défense;95.831;22.986
915;01/12/2013;Transilien;L;Paris Saint-Lazare Sud;83.0;4.9
916;01/07/2020;Transilien;U;La Verrière - La Défense;96.83;30.542
917;01/08/2017;Transilien;K;Paris Nord Crépy;94.5;17.2
918;01/08/2021;Transilien;L;Paris Saint-Lazare Sud;96.82;30.449
919;01/12/2020;Transilien;K;Paris Nord Crépy;94.445;17.001
920;01/12/2013;Transilien;P;Paris Est;91.0;10.1
921;01/08/2020;RER;C;RERC;93.157;13.614
922;01/09/2017;RER;D;RERD;85.3;5.8
923;01/09/2021;RER;E;RERE;93.969;15.581
924;01/12/2020;Transilien;L;Paris Saint-Lazare Sud;93.937;15.493
925;01/01/2014;RER;A;RERA;81.1;4.3
926;01/08/2020;Transilien;P;Paris Est;90.729;9.786
927;01/09/2017;Transilien;J;Paris Saint-Lazare Nord;89.9;8.9
928;01/09/2021;Transilien;L;Paris Saint-Lazare Sud;92.786;12.862
929;01/12/2020;Transilien;U;La Verrière - La Défense;96.436;27.056
930;01/01/2014;RER;C;RERC;91.4;10.6
931;01/08/2020;Transilien;R;Paris Sud Est;92.623;12.555
932;01/09/2017;Transilien;K;Paris Nord Crépy;93.2;13.7
933;01/10/2021;Transilien;J;Paris Saint-Lazare Nord;91.842;11.258
934;01/01/2021;RER;B;RERB;85.704;5.995
935;01/01/2014;Transilien;J;Paris Saint-Lazare Nord;82.0;4.6
936;01/09/2020;Transilien;N;Paris Montparnasse;93.646;14.737
937;01/09/2017;Transilien;L;Paris Saint-Lazare Sud;88.1;7.4
938;01/10/2021;Transilien;K;Paris Nord Crépy;83.724;5.144
939;01/01/2021;RER;C;RERC;90.068;9.068
940;01/01/2014;Transilien;K;Paris Nord Crépy;76.6;3.3
941;01/09/2020;Transilien;U;La Verrière - La Défense;96.659;28.932
942;01/11/2017;RER;C;RERC;85.8;6.0
943;01/10/2021;Transilien;N;Paris Montparnasse;92.358;12.086
944;01/01/2021;RER;D;RERD;85.923;6.104
945;01/01/2014;Transilien;R;Paris Sud Est;89.7;8.7
946;01/10/2020;Transilien;R;Paris Sud Est;87.883;7.253
947;01/11/2017;RER;E;RERE;92.0;11.5
948;01/11/2021;Transilien;H;Paris Nord Ouest;96.376;26.592
949;01/01/2021;Transilien;J;Paris Saint-Lazare Nord;92.064;11.6
950;01/03/2014;RER;D;RERD;87.9;7.3
951;01/01/2021;Transilien;L;Paris Saint-Lazare Sud;95.988;23.923
952;01/11/2017;Transilien;J;Paris Saint-Lazare Nord;87.4;6.9
953;01/11/2021;Transilien;L;Paris Saint-Lazare Sud;92.772;12.834
954;01/01/2021;Transilien;K;Paris Nord Crépy;94.747;18.036
955;01/03/2014;Transilien;R;Paris Sud Est;91.5;10.8
956;01/02/2021;RER;C;RERC;86.4;6.353
957;01/11/2017;Transilien;L;Paris Saint-Lazare Sud;83.1;4.9
958;01/12/2021;Transilien;N;Paris Montparnasse;95.717;22.347
959;01/01/2021;Transilien;N;Paris Montparnasse;94.618;17.58
960;01/05/2014;RER;A;RERA;87.6;7.1
961;01/02/2021;Transilien;H;Paris Nord Ouest;95.113;19.464
962;01/11/2017;Transilien;N;Paris Montparnasse;86.2;6.2
963;01/12/2021;Transilien;R;Paris Sud Est;89.154;8.22
964;01/02/2021;RER;B;RERB;83.125;4.926
965;01/05/2014;RER;B;RERB;89.4;8.4
966;01/02/2021;Transilien;N;Paris Montparnasse;90.186;9.189
967;01/12/2017;RER;A;RERA;77.1;3.4
968;01/01/2022;RER;B;RERB;86.505;6.41
969;01/02/2021;RER;D;RERD;85.731;6.008
970;01/05/2014;Transilien;P;Paris Est;92.7;12.7
971;01/02/2021;Transilien;P;Paris Est;89.8;8.804
972;01/02/2018;RER;C;RERC;82.9;4.8
973;01/01/2022;RER;D;RERD;90.743;9.803
974;01/03/2021;Transilien;N;Paris Montparnasse;92.696;12.691
975;01/07/2014;Transilien;R;Paris Sud Est;89.7;8.7
976;01/03/2021;RER;C;RERC;93.572;14.558
977;01/02/2018;RER;D;RERD;80.4;4.1
978;01/01/2022;Transilien;N;Paris Montparnasse;95.024;19.095
979;01/03/2021;Transilien;P;Paris Est;92.286;11.963
980;01/07/2014;Transilien;U;La Verrière - La Défense;93.3;13.9
981;01/03/2021;Transilien;J;Paris Saint-Lazare Nord;93.796;15.12
982;01/02/2018;RER;E;RERE;81.5;4.4
983;01/02/2022;RER;C;RERC;91.612;10.922
984;01/04/2021;Transilien;H;Paris Nord Ouest;96.213;25.403
985;01/08/2014;Transilien;J;Paris Saint-Lazare Nord;87.4;6.9
986;01/03/2021;Transilien;K;Paris Nord Crépy;94.88;18.531
987;01/02/2018;Transilien;N;Paris Montparnasse;82.7;4.8
988;01/02/2022;Transilien;L;Paris Saint-Lazare Sud;95.748;22.517
989;01/04/2021;Transilien;K;Paris Nord Crépy;93.628;14.695
990;01/08/2014;Transilien;K;Paris Nord Crépy;91.3;10.5
991;01/03/2021;Transilien;R;Paris Sud Est;89.093;8.168
992;01/03/2018;Transilien;J;Paris Saint-Lazare Nord;88.2;7.5
993;01/03/2022;RER;D;RERD;87.736;7.154
994;01/04/2021;Transilien;L;Paris Saint-Lazare Sud;97.407;37.565
995;01/09/2014;RER;A;RERA;70.9;2.4
996;01/05/2021;RER;B;RERB;89.953;8.953
997;01/04/2018;RER;C;RERC;94.5;17.2
998;01/04/2022;RER;B;RERB;84.022;5.259
999;01/05/2021;RER;A;RERA;93.766;15.041
1000;01/10/2014;RER;D;RERD;81.4;4.4
1001;01/05/2021;RER;C;RERC;92.896;13.076
1002;01/04/2018;RER;D;RERD;90.5;9.5
1003;01/04/2022;Transilien;K;Paris Nord Crépy;93.744;14.986
1004;01/05/2021;Transilien;L;Paris Saint-Lazare Sud;97.506;39.092
1005;01/10/2014;Transilien;K;Paris Nord Crépy;86.5;6.4
1006;01/05/2021;RER;D;RERD;90.479;9.503
1007;01/04/2018;Transilien;H;Paris Nord Ouest;95.4;20.7
1008;01/04/2022;Transilien;R;Paris Sud Est;90.926;10.02
1009;01/06/2021;RER;A;RERA;90.045;9.045
1010;01/11/2014;RER;C;RERC;86.735;6.5
1011;01/05/2021;RER;E;RERE;95.751;22.536
1012;01/04/2018;Transilien;J;Paris Saint-Lazare Nord;94.4;16.9
1013;01/05/2022;Transilien;K;Paris Nord Crépy;95.836;23.017
1014;01/06/2021;RER;C;RERC;92.793;12.876
1015;01/11/2014;Transilien;K;Paris Nord Crépy;84.573;5.5
1016;01/05/2021;Transilien;N;Paris Montparnasse;93.919;15.444
1017;01/04/2018;Transilien;R;Paris Sud Est;85.6;5.9
1018;01/05/2022;Transilien;P;Paris Est;90.255;9.262
1019;01/06/2021;RER;E;RERE;91.71;11.063
1020;01/12/2014;RER;C;RERC;89.3;8.3
1021;01/06/2021;Transilien;J;Paris Saint-Lazare Nord;90.195;9.199
1022;01/05/2018;RER;B;RERB;86.8;6.6
1023;01/06/2022;RER;D;RERD;87.501;7.001
1024;01/06/2021;Transilien;N;Paris Montparnasse;92.274;11.944
1025;01/12/2014;RER;D;RERD;84.2;5.3
1026;01/06/2021;Transilien;K;Paris Nord Crépy;92.56;12.441
1027;01/05/2018;Transilien;H;Paris Nord Ouest;90.8;9.9
1028;01/06/2022;Transilien;K;Paris Nord Crépy;97.112;33.632
1029;01/07/2021;RER;A;RERA;88.621;7.788
1030;01/12/2014;Transilien;J;Paris Saint-Lazare Nord;84.3;5.4
1031;01/07/2021;RER;C;RERC;92.668;12.639
1032;01/05/2018;Transilien;N;Paris Montparnasse;92.1;11.7
1033;01/07/2022;RER;C;RERC;84.383;5.403
1034;01/07/2021;RER;B;RERB;85.101;5.712
1035;01/12/2014;Transilien;L;Paris Saint-Lazare Sud;80.4;4.1
1036;01/07/2021;RER;D;RERD;88.484;7.684
1037;01/05/2018;Transilien;P;Paris Est;87.2;6.8
1038;01/07/2022;RER;D;RERD;82.278;4.643
1039;01/07/2021;Transilien;J;Paris Saint-Lazare Nord;93.669;14.796
1040;01/12/2014;Transilien;U;La Verrière - La Défense;91.8;11.2
1041;01/07/2021;Transilien;U;La Verrière - La Défense;97.489;38.828
1042;01/06/2018;Transilien;R;Paris Sud Est;81.1;4.3
1043;01/07/2022;Transilien;L;Paris Saint-Lazare Sud;93.754;15.01
1044;01/07/2021;Transilien;L;Paris Saint-Lazare Sud;96.63;28.672
1045;01/01/2015;RER;B;RERB;88.5;7.7
1046;01/08/2021;RER;A;RERA;91.153;10.303
1047;01/07/2018;RER;D;RERD;81.3;4.3
1048;01/07/2022;Transilien;P;Paris Est;86.414;6.361
1049;01/08/2021;RER;C;RERC;95.165;19.683
1050;01/01/2015;Transilien;H;Paris Nord Ouest;95.565;21.5
1051;01/08/2021;RER;E;RERE;95.883;23.292
1052;01/08/2018;RER;A;RERA;91.8;11.2
1053;01/08/2022;Transilien;N;Paris Montparnasse;96.596;28.377
1054;01/08/2021;Transilien;R;Paris Sud Est;91.475;10.73
1055;01/01/2015;Transilien;K;Paris Nord Crépy;87.18;6.8
1056;01/08/2021;Transilien;H;Paris Nord Ouest;96.92;31.471
1057;01/08/2018;RER;B;RERB;89.0;8.1
1058;01/08/2022;Transilien;P;Paris Est;90.149;9.151
1059;01/09/2021;Transilien;J;Paris Saint-Lazare Nord;93.138;13.574
1060;01/01/2015;Transilien;R;Paris Sud Est;89.231;8.3
1061;01/08/2021;Transilien;U;La Verrière - La Défense;97.784;44.135
1062;01/08/2018;RER;D;RERD;88.0;7.3
1063;01/08/2022;Transilien;R;Paris Sud Est;91.56;10.849
1064;01/09/2021;Transilien;P;Paris Est;91.338;10.544
1065;01/03/2015;RER;A;RERA;71.955;2.6
1066;01/09/2021;RER;B;RERB;81.033;4.272
1067;01/08/2018;Transilien;N;Paris Montparnasse;82.1;4.6
1068;01/08/2022;Transilien;U;La Verrière - La Défense;63.27;1.723
1069;01/10/2021;RER;B;RERB;80.334;4.085
1070;01/03/2015;RER;C;RERC;88.916;8.0
1071;01/09/2021;RER;D;RERD;86.687;6.512
1072;01/08/2018;Transilien;P;Paris Est;93.3;13.9
1073;01/09/2022;Transilien;J;Paris Saint-Lazare Nord;92.18;11.788
1074;01/10/2021;RER;C;RERC;88.074;7.385
1075;01/03/2015;RER;E;RERE;96.326;26.2
1076;01/09/2021;Transilien;N;Paris Montparnasse;94.706;17.891
1077;01/09/2018;Transilien;K;Paris Nord Crépy;96.0;24.0
1078;01/09/2022;Transilien;L;Paris Saint-Lazare Sud;93.865;15.3
1079;01/11/2021;RER;A;RERA;86.061;6.174
1080;01/03/2015;Transilien;N;Paris Montparnasse;94.754;18.1
1081;01/10/2021;RER;D;RERD;85.249;5.779
1082;01/10/2018;RER;B;RERB;84.72;5.5
1083;01/10/2022;Transilien;J;Paris Saint-Lazare Nord;92.651;12.607
1084;01/11/2021;RER;B;RERB;81.05;4.277
1085;01/04/2015;RER;D;RERD;86.555;6.4
1086;01/10/2021;RER;E;RERE;94.505;17.199
1087;01/10/2018;RER;E;RERE;90.2;9.2
1088;01/11/2022;RER;C;RERC;85.318;5.811
1089;01/11/2021;Transilien;U;La Verrière - La Défense;93.681;14.826
1090;01/04/2015;RER;E;RERE;90.539;9.6
1091;01/10/2021;Transilien;R;Paris Sud Est;80.11;4.028
1092;01/10/2018;Transilien;H;Paris Nord Ouest;94.5;17.2
1093;01/12/2022;Transilien;H;Paris Nord Ouest;93.585;14.589
1094;01/12/2021;RER;A;RERA;88.986;8.079
1095;01/04/2015;Transilien;U;La Verrière - La Défense;93.168;13.6
1096;01/10/2021;Transilien;U;La Verrière - La Défense;93.772;15.055
1097;01/11/2018;Transilien;H;Paris Nord Ouest;86.8;6.6
1098;01/12/2022;Transilien;L;Paris Saint-Lazare Sud;91.848;11.267
1099;01/12/2021;RER;C;RERC;90.559;9.592
1100;01/05/2015;RER;B;RERB;86.995;6.7
1101;01/12/2021;Transilien;U;La Verrière - La Défense;97.179;34.447
1102;01/11/2018;Transilien;N;Paris Montparnasse;87.6;7.1
1103;01/12/2022;Transilien;R;Paris Sud Est;88.462;7.667
1104;01/12/2021;RER;E;RERE;95.654;22.01
1105;01/05/2015;RER;E;RERE;95.987;23.9
1106;01/01/2022;RER;A;RERA;88.235;7.5
1107;01/11/2018;Transilien;P;Paris Est;86.6;6.5
1108;01/02/2023;RER;A;RERA;87.681;7.118
1109;01/12/2021;Transilien;J;Paris Saint-Lazare Nord;94.681;17.801
1110;01/06/2015;Transilien;L;Paris Saint-Lazare Sud;82.635;4.8
1111;01/01/2022;Transilien;J;Paris Saint-Lazare Nord;92.519;12.367
1112;01/11/2018;Transilien;R;Paris Sud Est;82.4;4.7
1113;01/02/2023;RER;D;RERD;85.049;5.689
1114;01/12/2021;Transilien;K;Paris Nord Crépy;96.982;32.139
1115;01/07/2015;RER;D;RERD;87.7;7.1
1116;01/01/2022;Transilien;K;Paris Nord Crépy;94.437;16.974
1117;01/12/2018;Transilien;H;Paris Nord Ouest;93.2;13.7
1118;01/02/2023;Transilien;J;Paris Saint-Lazare Nord;93.921;15.451
1119;01/02/2022;Transilien;P;Paris Est;89.869;8.87
1120;01/07/2015;RER;E;RERE;93.5;14.4
1121;01/01/2022;Transilien;L;Paris Saint-Lazare Sud;91.375;10.595
1122;01/12/2018;Transilien;J;Paris Saint-Lazare Nord;88.5;7.7
1123;01/03/2023;RER;E;RERE;91.13;10.274
1124;01/03/2022;RER;A;RERA;91.106;10.244
1125;01/07/2015;Transilien;K;Paris Nord Crépy;89.4;8.4
1126;01/01/2022;Transilien;P;Paris Est;90.538;9.569
1127;01/12/2018;Transilien;N;Paris Montparnasse;86.0;6.1
1128;01/03/2023;Transilien;J;Paris Saint-Lazare Nord;95.832;22.993
1129;01/03/2022;Transilien;J;Paris Saint-Lazare Nord;93.935;15.488
1130;01/08/2015;Transilien;H;Paris Nord Ouest;96.3;26.0
1131;01/02/2022;Transilien;J;Paris Saint-Lazare Nord;95.567;21.556
1132;01/12/2018;Transilien;U;La Verrière - La Défense;91.6;10.9
1133;01/04/2023;Transilien;H;Paris Nord Ouest;96.684;29.157
1134;01/04/2022;Transilien;N;Paris Montparnasse;95.834;23.006
1135;01/08/2015;Transilien;L;Paris Saint-Lazare Sud;89.9;8.9
1136;01/02/2022;Transilien;N;Paris Montparnasse;96.526;27.786
1137;01/01/2019;Transilien;P;Paris Est;85.2;5.8
1138;01/04/2023;Transilien;P;Paris Est;93.245;13.804
1139;01/04/2022;Transilien;P;Paris Est;92.119;11.689
1140;01/09/2015;RER;B;RERB;89.361;8.4
1141;01/03/2022;Transilien;K;Paris Nord Crépy;96.586;28.291
1142;01/01/2019;Transilien;U;La Verrière - La Défense;92.9;13.1
1143;01/04/2023;Transilien;R;Paris Sud Est;87.992;7.328
1144;01/05/2022;RER;A;RERA;92.833;12.953
1145;01/09/2015;RER;E;RERE;89.903;8.9
1146;01/03/2022;Transilien;L;Paris Saint-Lazare Sud;94.482;17.121
1147;01/02/2019;RER;A;RERA;86.9;6.6
1148;01/05/2023;RER;B;RERB;80.188;4.048
1149;01/05/2022;RER;E;RERE;93.202;13.71
1150;01/09/2015;Transilien;H;Paris Nord Ouest;95.658;22.0
1151;01/04/2022;RER;C;RERC;90.296;9.305
1152;01/02/2019;RER;B;RERB;84.5;5.5
1153;01/05/2023;RER;C;RERC;87.505;7.003
1154;01/05/2022;Transilien;L;Paris Saint-Lazare Sud;97.513;39.203
1155;01/09/2015;Transilien;N;Paris Montparnasse;92.971;13.2
1156;01/04/2022;RER;D;RERD;87.165;6.791
1157;01/02/2019;RER;E;RERE;93.053;13.4
1158;01/05/2023;Transilien;K;Paris Nord Crépy;91.858;11.283
1159;01/07/2022;RER;B;RERB;73.832;2.821
1160;01/10/2015;Transilien;H;Paris Nord Ouest;93.511;14.4
1161;01/05/2022;RER;B;RERB;85.194;5.754
1162;01/03/2019;RER;C;RERC;91.655;11.0
1163;01/05/2023;Transilien;L;Paris Saint-Lazare Sud;91.841;11.257
1164;01/07/2022;Transilien;H;Paris Nord Ouest;90.854;9.934
1165;01/12/2015;RER;C;RERC;90.3;9.3
1166;01/05/2022;Transilien;H;Paris Nord Ouest;96.47;27.332
1167;01/04/2019;Transilien;P;Paris Est;90.178;9.2
1168;01/06/2023;Transilien;J;Paris Saint-Lazare Nord;91.712;11.065
1169;01/07/2022;Transilien;J;Paris Saint-Lazare Nord;91.76;11.136
1170;01/12/2015;Transilien;K;Paris Nord Crépy;85.9;6.1
1171;01/06/2022;RER;C;RERC;90.859;9.94
1172;01/05/2019;RER;B;RERB;89.254;8.3
1173;01/06/2023;Transilien;L;Paris Saint-Lazare Sud;91.406;10.636
1174;01/07/2022;Transilien;R;Paris Sud Est;88.765;7.901
1175;01/12/2015;Transilien;L;Paris Saint-Lazare Sud;88.1;7.4
1176;01/06/2022;Transilien;L;Paris Saint-Lazare Sud;89.539;8.56
1177;01/05/2019;Transilien;U;La Verrière - La Défense;93.95;15.5
1178;01/06/2023;Transilien;N;Paris Montparnasse;95.281;20.189
1179;01/08/2022;RER;C;RERC;91.924;11.382
1180;01/12/2015;Transilien;N;Paris Montparnasse;92.6;12.5
1181;01/06/2022;Transilien;N;Paris Montparnasse;94.348;16.693
1182;01/06/2019;RER;E;RERE;91.025;10.1
1183;01/07/2023;Transilien;P;Paris Est;90.238;9.244
1184;01/08/2022;Transilien;J;Paris Saint-Lazare Nord;94.934;18.739
1185;01/01/2016;Transilien;H;Paris Nord Ouest;95.7;22.3
1186;01/07/2022;RER;A;RERA;85.937;6.111
1187;01/06/2019;Transilien;H;Paris Nord Ouest;92.945;13.2
1188;01/07/2023;Transilien;R;Paris Sud Est;91.029;10.148
1189;01/09/2022;RER;B;RERB;82.464;4.702
1190;01/01/2016;Transilien;N;Paris Montparnasse;92.1;11.7
1191;01/08/2022;RER;A;RERA;93.634;14.71
1192;01/06/2019;Transilien;R;Paris Sud Est;83.92;5.2
1193;01/07/2023;Transilien;U;La Verrière - La Défense;97.996;48.912
1194;01/09/2022;RER;D;RERD;83.811;5.177
1195;01/01/2016;Transilien;R;Paris Sud Est;87.2;6.8
1196;01/08/2022;RER;E;RERE;93.526;14.447
1197;01/07/2019;RER;C;RERC;87.219;6.8
1198;01/08/2023;Transilien;R;Paris Sud Est;93.701;14.876
1199;01/09/2022;Transilien;U;La Verrière - La Défense;73.98;2.843
1200;01/02/2016;Transilien;K;Paris Nord Crépy;85.5;5.9
1201;01/08/2022;Transilien;K;Paris Nord Crépy;94.515;17.233
1202;01/07/2019;Transilien;L;Paris Saint-Lazare Sud;93.741;15.0
1203;01/10/2023;RER;B;RERB;83.37;5.013
1204;01/10/2022;RER;A;RERA;87.265;6.853
1205;01/02/2016;Transilien;N;Paris Montparnasse;93.7;14.9
1206;01/09/2022;RER;C;RERC;90.76;9.822
1207;01/07/2019;Transilien;U;La Verrière - La Défense;95.068;19.3
1208;01/10/2023;Transilien;N;Paris Montparnasse;91.163;10.316
1209;01/10/2022;RER;E;RERE;92.028;11.544
1210;01/03/2016;RER;B;RERB;89.5;8.5
1211;01/09/2022;Transilien;N;Paris Montparnasse;95.782;22.706
1212;01/09/2019;RER;C;RERC;89.033;8.1
1213;01/10/2023;Transilien;R;Paris Sud Est;84.992;5.663
1214;01/10/2022;Transilien;K;Paris Nord Crépy;95.005;19.02
1215;01/03/2016;RER;C;RERC;88.3;7.5
1216;01/09/2022;Transilien;P;Paris Est;90.146;9.148
1217;01/09/2019;Transilien;N;Paris Montparnasse;93.2;13.7
1218;01/11/2023;Transilien;N;Paris Montparnasse;82.58;4.74
1219;01/10/2022;Transilien;L;Paris Saint-Lazare Sud;92.115;11.683
1220;01/03/2016;Transilien;P;Paris Est;89.2;8.3
1221;01/10/2022;RER;B;RERB;80.79;4.206
1222;01/09/2019;Transilien;P;Paris Est;85.931;6.1
1223;01/11/2023;Transilien;U;La Verrière - La Défense;87.067;6.732
1224;01/10/2022;Transilien;N;Paris Montparnasse;95.11;19.452
1225;01/04/2016;Transilien;H;Paris Nord Ouest;96.4;26.8
1226;01/10/2022;RER;C;RERC;90.323;9.333
1227;01/10/2019;Transilien;J;Paris Saint-Lazare Nord;86.439;6.4
1228;01/01/2024;Transilien;J;Paris Saint-Lazare Nord;90.569;9.603
1229;01/11/2022;RER;D;RERD;83.245;4.968
1230;01/05/2016;Transilien;K;Paris Nord Crépy;92.3;12.0
1231;01/10/2022;Transilien;H;Paris Nord Ouest;97.205;34.773
1232;01/10/2019;Transilien;P;Paris Est;88.893;8.0
1233;01/01/2024;Transilien;K;Paris Nord Crépy;95.823;22.938
1234;01/11/2022;Transilien;J;Paris Saint-Lazare Nord;92.315;12.012
1235;01/05/2016;Transilien;N;Paris Montparnasse;89.9;8.9
1236;01/10/2022;Transilien;R;Paris Sud Est;90.197;9.201
1237;01/10/2019;Transilien;U;La Verrière - La Défense;91.795;11.2
1238;01/01/2024;Transilien;P;Paris Est;87.001;6.693
1239;01/11/2022;Transilien;K;Paris Nord Crépy;96.491;27.501
1240;01/06/2016;RER;B;RERB;88.1;7.4
1241;01/10/2022;Transilien;U;La Verrière - La Défense;92.341;12.056
1242;01/11/2019;RER;C;RERC;80.676;4.2
1243;01/01/2024;Transilien;R;Paris Sud Est;88.579;7.756
1244;01/11/2022;Transilien;N;Paris Montparnasse;94.259;16.419
1245;01/06/2016;Transilien;H;Paris Nord Ouest;93.8;15.1
1246;01/11/2022;Transilien;P;Paris Est;89.864;8.866
1247;01/11/2019;Transilien;H;Paris Nord Ouest;93.784;15.1
1248;01/02/2024;RER;B;RERB;84.131;5.301
1249;01/12/2022;RER;A;RERA;82.584;4.742
1250;01/06/2016;Transilien;K;Paris Nord Crépy;89.4;8.4
1251;01/12/2022;Transilien;J;Paris Saint-Lazare Nord;91.683;11.024
1252;01/11/2019;Transilien;J;Paris Saint-Lazare Nord;88.022;7.3
1253;01/02/2024;RER;D;RERD;88.045;7.365
1254;01/12/2022;RER;C;RERC;81.783;4.489
1255;01/06/2016;Transilien;L;Paris Saint-Lazare Sud;88.3;7.5
1256;01/01/2023;RER;B;RERB;80.067;4.017
1257;01/02/2020;Transilien;J;Paris Saint-Lazare Nord;86.88;6.622
1258;01/02/2024;Transilien;J;Paris Saint-Lazare Nord;94.151;16.096
1259;01/12/2022;Transilien;P;Paris Est;91.948;11.419
1260;01/06/2016;Transilien;N;Paris Montparnasse;80.3;4.1
1261;01/01/2023;Transilien;H;Paris Nord Ouest;97.571;40.176
1262;01/02/2020;Transilien;K;Paris Nord Crépy;93.155;13.609
1263;01/02/2024;Transilien;L;Paris Saint-Lazare Sud;94.872;18.502
1264;01/12/2022;Transilien;U;La Verrière - La Défense;91.697;11.044
1265;01/07/2016;Transilien;R;Paris Sud Est;86.7;6.5
1266;01/02/2023;Transilien;K;Paris Nord Crépy;97.777;43.978
1267;01/02/2020;Transilien;P;Paris Est;89.116;8.187
1268;01/02/2024;Transilien;N;Paris Montparnasse;95.359;20.548
1269;01/01/2023;RER;D;RERD;87.184;6.803
1270;01/08/2016;Transilien;P;Paris Est;87.6;7.1
1271;01/03/2023;RER;B;RERB;87.41;6.943
1272;01/03/2020;RER;D;RERD;84.696;5.534
1273;01/03/2024;RER;C;RERC;86.236;6.265
1274;01/01/2023;Transilien;J;Paris Saint-Lazare Nord;95.468;21.063
1275;01/09/2016;RER;C;RERC;88.6;7.8
1276;01/03/2023;Transilien;U;La Verrière - La Défense;95.987;23.917
1277;01/03/2020;Transilien;J;Paris Saint-Lazare Nord;90.737;9.795
1278;01/03/2024;Transilien;J;Paris Saint-Lazare Nord;93.804;15.14
1279;01/01/2023;Transilien;K;Paris Nord Crépy;94.62;17.589
1280;01/09/2016;Transilien;H;Paris Nord Ouest;96.4;26.8
1281;01/04/2023;RER;E;RERE;96.486;27.459
1282;01/03/2020;Transilien;R;Paris Sud Est;85.194;5.754
1283;01/03/2024;Transilien;R;Paris Sud Est;88.854;7.972
1284;01/02/2023;RER;B;RERB;84.867;5.608
1285;01/09/2016;Transilien;L;Paris Saint-Lazare Sud;90.7;9.8
1286;01/05/2023;RER;D;RERD;86.89;6.628
1287;01/06/2020;Transilien;J;Paris Saint-Lazare Nord;91.012;10.126
1288;01/03/2024;Transilien;U;La Verrière - La Défense;93.141;13.579
1289;01/02/2023;RER;C;RERC;85.486;5.89
1290;01/09/2016;Transilien;R;Paris Sud Est;87.4;6.9
1291;01/05/2023;RER;E;RERE;94.953;18.814
1292;01/07/2020;RER;C;RERC;92.269;11.935
1293;01/04/2024;RER;E;RERE;92.01;11.516
1294;01/02/2023;Transilien;N;Paris Montparnasse;96.716;29.448
1295;01/10/2016;RER;A;RERA;70.6;2.4
1296;01/05/2023;Transilien;N;Paris Montparnasse;95.595;21.701
1297;01/07/2020;Transilien;H;Paris Nord Ouest;94.199;16.237
1298;01/04/2024;Transilien;H;Paris Nord Ouest;95.607;21.765
1299;01/02/2023;Transilien;R;Paris Sud Est;89.178;8.241
1300;01/10/2016;Transilien;N;Paris Montparnasse;93.7;14.9
1301;01/05/2023;Transilien;R;Paris Sud Est;90.402;9.419
1302;01/07/2020;Transilien;L;Paris Saint-Lazare Sud;96.892;31.171
1303;01/04/2024;Transilien;J;Paris Saint-Lazare Nord;94.091;15.924
1304;01/03/2023;RER;A;RERA;90.372;9.386
1305;01/10/2016;Transilien;U;La Verrière - La Défense;94.6;17.5
1306;01/06/2023;RER;C;RERC;82.372;4.673
1307;01/08/2020;RER;D;RERD;87.498;6.999
1308;01/04/2024;Transilien;N;Paris Montparnasse;95.178;19.738
1309;01/03/2023;RER;C;RERC;91.824;11.231
1310;01/11/2016;RER;C;RERC;86.4;6.4
1311;01/06/2023;RER;E;RERE;92.321;12.023
1312;01/08/2020;Transilien;J;Paris Saint-Lazare Nord;93.514;14.417
1313;01/05/2024;RER;A;RERA;86.707;6.523
1314;01/03/2023;Transilien;N;Paris Montparnasse;94.339;16.666
1315;01/11/2016;Transilien;L;Paris Saint-Lazare Sud;86.0;6.1
1316;01/06/2023;Transilien;R;Paris Sud Est;87.487;6.992
1317;01/08/2020;Transilien;N;Paris Montparnasse;94.968;18.872
1318;01/05/2024;Transilien;R;Paris Sud Est;91.476;10.731
1319;01/03/2023;Transilien;P;Paris Est;88.537;7.723
1320;01/11/2016;Transilien;P;Paris Est;87.7;7.1
1321;01/07/2023;RER;B;RERB;85.516;5.904
1322;01/09/2020;RER;D;RERD;87.593;7.06
1323;01/06/2024;Transilien;P;Paris Est;91.702;11.052
1324;01/04/2023;RER;D;RERD;88.592;7.766
1325;01/11/2016;Transilien;R;Paris Sud Est;83.8;5.2
1326;01/07/2023;Transilien;N;Paris Montparnasse;96.011;24.069
1327;01/09/2020;Transilien;L;Paris Saint-Lazare Sud;94.426;16.939
1328;01/08/2024;Transilien;R;Paris Sud Est;95.906;23.426
1329;01/04/2023;Transilien;J;Paris Saint-Lazare Nord;93.886;15.356
1330;01/11/2016;Transilien;U;La Verrière - La Défense;93.3;13.9
1331;01/08/2023;RER;A;RERA;92.136;11.717
1332;01/10/2020;Transilien;L;Paris Saint-Lazare Sud;91.109;10.248
1333;01/10/2024;Transilien;H;Paris Nord Ouest;93.765;15.04
1334;01/04/2023;Transilien;N;Paris Montparnasse;96.962;31.918
1335;01/12/2016;Transilien;K;Paris Nord Crépy;86.5;6.4
1336;01/08/2023;Transilien;N;Paris Montparnasse;96.644;28.794
1337;01/10/2020;Transilien;U;La Verrière - La Défense;95.879;23.268
1338;01/10/2024;Transilien;J;Paris Saint-Lazare Nord;92.743;12.779
1339;01/05/2023;RER;A;RERA;87.779;7.183
1340;01/12/2016;Transilien;L;Paris Saint-Lazare Sud;89.5;8.5
1341;01/09/2023;Transilien;J;Paris Saint-Lazare Nord;92.606;12.524
1342;01/11/2020;RER;A;RERA;90.137;9.138
1343;01/10/2024;Transilien;L;Paris Saint-Lazare Sud;95.098;19.4
1344;01/05/2023;Transilien;H;Paris Nord Ouest;92.932;13.148
1345;01/12/2016;Transilien;P;Paris Est;90.7;9.8
1346;01/09/2023;Transilien;L;Paris Saint-Lazare Sud;94.692;17.841
1347;01/11/2020;RER;E;RERE;95.313;20.333
1348;01/11/2024;RER;B;RERB;84.295;5.368
1349;01/05/2023;Transilien;J;Paris Saint-Lazare Nord;90.372;9.387
1350;01/12/2016;Transilien;U;La Verrière - La Défense;94.5;17.2
1351;01/10/2023;RER;A;RERA;84.203;5.33
1352;01/11/2020;Transilien;H;Paris Nord Ouest;95.565;21.548
1353;01/11/2024;Transilien;L;Paris Saint-Lazare Sud;94.984;18.936
1354;01/06/2023;RER;D;RERD;81.611;4.438
1355;01/01/2017;RER;C;RERC;87.3;6.9
1356;01/10/2023;RER;E;RERE;93.644;14.732
1357;01/11/2020;Transilien;R;Paris Sud Est;90.476;9.5
1358;01/11/2024;Transilien;N;Paris Montparnasse;91.602;10.908
1359;01/08/2023;RER;B;RERB;89.292;8.339
1360;01/01/2017;RER;D;RERD;85.2;5.8
1361;01/10/2023;Transilien;H;Paris Nord Ouest;95.904;23.417
1362;01/12/2020;RER;A;RERA;88.737;7.879
1363;01/12/2024;RER;A;RERA;87.565;7.042
1364;01/08/2023;RER;C;RERC;92.332;12.041
1365;01/01/2017;Transilien;R;Paris Sud Est;88.8;7.9
1366;01/10/2023;Transilien;P;Paris Est;85.004;5.669
1367;01/12/2020;RER;B;RERB;88.286;7.537
1368;01/12/2024;Transilien;U;La Verrière - La Défense;93.943;15.51
1369;01/09/2023;RER;A;RERA;86.449;6.38
1370;01/02/2017;Transilien;H;Paris Nord Ouest;93.1;13.5
1371;01/11/2023;RER;C;RERC;82.083;4.581
1372;01/12/2020;RER;C;RERC;92.309;12.003
1373;01/01/2025;Transilien;N;Paris Montparnasse;92.669;12.64
1374;01/09/2023;RER;B;RERB;82.23;4.627
1375;01/02/2017;Transilien;J;Paris Saint-Lazare Nord;92.5;12.3
1376;01/11/2023;Transilien;R;Paris Sud Est;88.877;7.99
1377;01/12/2020;RER;D;RERD;87.554;7.035
1378;01/02/2025;RER;D;RERD;84.875;5.612
1379;01/09/2023;RER;D;RERD;88.124;7.42
1380;01/02/2017;Transilien;R;Paris Sud Est;89.6;8.6
1381;01/12/2023;Transilien;N;Paris Montparnasse;90.427;9.446
1382;01/12/2020;Transilien;N;Paris Montparnasse;95.478;21.112
1383;01/02/2025;RER;E;RERE;85.527;5.909
1384;01/09/2023;RER;E;RERE;95.075;19.304
1385;01/03/2017;RER;E;RERE;94.2;16.2
1386;01/12/2023;Transilien;P;Paris Est;89.538;8.559
1387;01/12/2020;Transilien;R;Paris Sud Est;86.989;6.686
1388;01/02/2025;Transilien;H;Paris Nord Ouest;95.762;22.594
1389;01/09/2023;Transilien;N;Paris Montparnasse;96.245;25.634
1390;01/04/2017;RER;B;RERB;84.2;5.3
1391;01/12/2023;Transilien;U;La Verrière - La Défense;92.196;11.813
1392;01/01/2021;Transilien;R;Paris Sud Est;89.271;8.32
1393;01/02/2025;Transilien;U;La Verrière - La Défense;91.865;11.293
1394;01/10/2023;Transilien;J;Paris Saint-Lazare Nord;94.025;15.737
1395;01/04/2017;Transilien;P;Paris Est;94.4;16.9
1396;01/02/2024;RER;A;RERA;89.425;8.457
1397;01/01/2021;Transilien;U;La Verrière - La Défense;96.954;31.833
1398;01/03/2025;RER;A;RERA;89.079;8.156
1399;01/11/2023;RER;D;RERD;81.735;4.475
1400;01/05/2017;Transilien;L;Paris Saint-Lazare Sud;88.916;8.0
1401;01/02/2024;RER;C;RERC;84.355;5.392
1402;01/02/2021;RER;A;RERA;80.019;4.005
1403;01/03/2025;RER;B;RERB;86.785;6.567
1404;01/11/2023;Transilien;J;Paris Saint-Lazare Nord;83.195;4.95
1405;01/05/2017;Transilien;R;Paris Sud Est;84.346;5.4
1406;01/02/2024;Transilien;K;Paris Nord Crépy;96.119;24.769
1407;01/02/2021;Transilien;U;La Verrière - La Défense;93.66;14.773
1408;01/03/2025;RER;E;RERE;91.252;10.431
1409;01/11/2023;Transilien;K;Paris Nord Crépy;88.245;7.507
1410;01/06/2017;RER;C;RERC;85.009;5.7
1411;01/03/2024;Transilien;H;Paris Nord Ouest;95.817;22.908
1412;01/03/2021;Transilien;H;Paris Nord Ouest;95.975;23.847
1413;01/03/2025;Transilien;U;La Verrière - La Défense;95.155;19.639
1414;01/11/2023;Transilien;L;Paris Saint-Lazare Sud;86.682;6.509
1415;01/06/2017;RER;D;RERD;82.962;4.9
1416;01/03/2024;Transilien;P;Paris Est;93.953;15.536
1417;01/03/2021;Transilien;L;Paris Saint-Lazare Sud;95.014;19.057
1418;01/04/2025;RER;A;RERA;89.554;8.573
1419;01/12/2023;RER;A;RERA;86.262;6.279
1420;01/06/2017;Transilien;N;Paris Montparnasse;90.031;9.0
1421;01/04/2024;Transilien;L;Paris Saint-Lazare Sud;95.435;20.905
1422;01/04/2021;RER;A;RERA;94.699;17.866
1423;01/04/2025;Transilien;J;Paris Saint-Lazare Nord;93.479;14.336
1424;01/12/2023;RER;E;RERE;94.248;16.386
1425;01/07/2017;RER;C;RERC;89.405;8.4
1426;01/04/2024;Transilien;R;Paris Sud Est;91.099;10.234
1427;01/04/2021;RER;C;RERC;93.323;13.977
1428;01/05/2025;RER;E;RERE;89.882;8.884
1429;01/12/2023;Transilien;H;Paris Nord Ouest;95.47;21.074
1430;01/07/2017;Transilien;U;La Verrière - La Défense;92.59;12.5
1431;01/05/2024;Transilien;J;Paris Saint-Lazare Nord;92.629;12.567
1432;01/04/2021;RER;E;RERE;95.648;21.978
1433;01/05/2025;Transilien;H;Paris Nord Ouest;95.914;23.475
1434;01/12/2023;Transilien;K;Paris Nord Crépy;96.311;26.105
1435;01/08/2017;RER;B;RERB;93.2;13.7
1436;01/05/2024;Transilien;L;Paris Saint-Lazare Sud;93.513;14.415
1437;01/04/2021;Transilien;P;Paris Est;94.975;18.901
1438;01/05/2025;Transilien;R;Paris Sud Est;92.948;13.18
1439;01/12/2023;Transilien;L;Paris Saint-Lazare Sud;93.725;14.937
1440;01/08/2017;Transilien;N;Paris Montparnasse;92.0;11.5
1441;01/05/2024;Transilien;P;Paris Est;91.403;10.632
1442;01/04/2021;Transilien;R;Paris Sud Est;88.236;7.501
1443;01/06/2025;RER;D;RERD;85.159;5.738
1444;01/01/2024;RER;A;RERA;81.699;4.464
1445;01/08/2017;Transilien;P;Paris Est;92.2;11.8
1446;01/05/2024;Transilien;U;La Verrière - La Défense;95.89;23.33
1447;01/04/2021;Transilien;U;La Verrière - La Défense;95.583;21.638
1448;01/06/2025;Transilien;L;Paris Saint-Lazare Sud;92.65;12.605
1449;01/01/2024;RER;E;RERE;94.141;16.068
1450;01/08/2017;Transilien;U;La Verrière - La Défense;96.1;24.6
1451;01/06/2024;Transilien;H;Paris Nord Ouest;97.062;33.042
1452;01/05/2021;Transilien;H;Paris Nord Ouest;96.324;26.206
1453;01/06/2025;Transilien;R;Paris Sud Est;86.948;6.661
1454;01/02/2024;Transilien;U;La Verrière - La Défense;96.841;30.652
1455;01/10/2017;Transilien;K;Paris Nord Crépy;92.2;11.8
1456;01/06/2024;Transilien;K;Paris Nord Crépy;97.237;35.186
1457;01/06/2021;RER;D;RERD;89.316;8.36
1458;01/07/2025;Transilien;P;Paris Est;92.285;11.962
1459;01/04/2024;RER;A;RERA;86.025;6.156
1460;01/10/2017;Transilien;R;Paris Sud Est;85.2;5.8
1461;01/06/2024;Transilien;R;Paris Sud Est;89.397;8.431
1462;01/06/2021;Transilien;H;Paris Nord Ouest;92.52;12.37
1463;01/08/2025;RER;C;RERC;94.794;18.208
1464;01/04/2024;RER;C;RERC;90.114;9.115
1465;01/10/2017;Transilien;U;La Verrière - La Défense;92.1;11.7
1466;01/07/2024;Transilien;J;Paris Saint-Lazare Nord;94.395;16.84
1467;01/06/2021;Transilien;L;Paris Saint-Lazare Sud;95.616;21.811
1468;01/08/2025;RER;D;RERD;90.133;9.135
1469;01/04/2024;Transilien;K;Paris Nord Crépy;94.9;18.61
1470;01/11/2017;RER;A;RERA;71.02;2.5
1471;01/07/2024;Transilien;N;Paris Montparnasse;95.505;21.249
1472;01/06/2021;Transilien;P;Paris Est;88.148;7.438
1473;01/08/2025;Transilien;K;Paris Nord Crépy;92.728;12.751
1474;01/05/2024;RER;B;RERB;87.504;7.003
1475;01/11/2017;Transilien;H;Paris Nord Ouest;88.7;7.8
1476;01/07/2024;Transilien;P;Paris Est;94.094;15.931
1477;01/07/2021;Transilien;N;Paris Montparnasse;95.475;21.1
1478;01/08/2025;Transilien;L;Paris Saint-Lazare Sud;95.494;21.193
1479;01/05/2024;RER;C;RERC;85.56;5.925
1480;01/11/2017;Transilien;U;La Verrière - La Défense;89.1;8.2
1481;01/08/2024;RER;D;RERD;93.372;14.088
1482;01/08/2021;RER;D;RERD;88.909;8.017
1483;01/08/2025;Transilien;P;Paris Est;94.377;16.785
1484;01/05/2024;Transilien;N;Paris Montparnasse;96.796;30.211
1485;01/12/2017;RER;E;RERE;94.0;15.7
1486;01/08/2024;Transilien;J;Paris Saint-Lazare Nord;95.914;23.473
1487;01/08/2021;Transilien;J;Paris Saint-Lazare Nord;96.661;28.949
1488;01/09/2025;Transilien;L;Paris Saint-Lazare Sud;94.029;15.747
1489;01/06/2024;RER;E;RERE;90.676;9.725
1490;01/12/2017;Transilien;J;Paris Saint-Lazare Nord;85.8;6.0
1491;01/08/2024;Transilien;U;La Verrière - La Défense;98.421;62.327
1492;01/09/2021;RER;A;RERA;86.326;6.313
1493;01/06/2024;Transilien;J;Paris Saint-Lazare Nord;92.794;12.877
1494;01/12/2017;Transilien;K;Paris Nord Crépy;90.0;9.0
1495;01/09/2024;Transilien;L;Paris Saint-Lazare Sud;96.944;31.72
1496;01/10/2021;Transilien;H;Paris Nord Ouest;91.82;11.225
1497;01/06/2024;Transilien;N;Paris Montparnasse;96.557;28.045
1498;01/12/2017;Transilien;L;Paris Saint-Lazare Sud;86.3;6.3
1499;01/09/2024;Transilien;P;Paris Est;92.958;13.201
1500;01/10/2021;Transilien;L;Paris Saint-Lazare Sud;91.722;11.08
1501;01/06/2024;Transilien;U;La Verrière - La Défense;94.663;17.737
1502;01/01/2018;Transilien;R;Paris Sud Est;81.7;4.5
1503;01/10/2024;RER;B;RERB;84.17;5.317
1504;01/11/2021;RER;C;RERC;88.146;7.436
1505;01/07/2024;Transilien;R;Paris Sud Est;90.33;9.341
1506;01/02/2018;Transilien;J;Paris Saint-Lazare Nord;84.1;5.3
1507;01/10/2024;RER;D;RERD;85.192;5.753
1508;01/11/2021;RER;D;RERD;85.489;5.891
1509;01/08/2024;RER;E;RERE;96.464;27.277
1510;01/02/2018;Transilien;P;Paris Est;76.3;3.2
1511;01/10/2024;Transilien;R;Paris Sud Est;94.403;16.865
1512;01/11/2021;Transilien;J;Paris Saint-Lazare Nord;91.691;11.035
1513;01/08/2024;Transilien;K;Paris Nord Crépy;96.761;29.876
1514;01/02/2018;Transilien;R;Paris Sud Est;73.2;2.7
1515;01/11/2024;RER;A;RERA;85.998;6.142
1516;01/11/2021;Transilien;N;Paris Montparnasse;91.513;10.783
1517;01/09/2024;RER;A;RERA;90.935;10.031
1518;01/03/2018;RER;D;RERD;82.2;4.6
1519;01/11/2024;Transilien;K;Paris Nord Crépy;94.119;16.003
1520;01/12/2021;RER;D;RERD;87.57;7.045
1521;01/09/2024;Transilien;J;Paris Saint-Lazare Nord;95.783;22.713
1522;01/03/2018;Transilien;K;Paris Nord Crépy;93.0;13.3
1523;01/11/2024;Transilien;P;Paris Est;89.064;8.144
1524;01/12/2021;Transilien;P;Paris Est;92.876;13.038
1525;01/09/2024;Transilien;K;Paris Nord Crépy;97.392;37.346
1526;01/03/2018;Transilien;N;Paris Montparnasse;89.5;8.5
1527;01/12/2024;RER;B;RERB;80.446;4.114
1528;01/02/2022;RER;D;RERD;86.248;6.272
1529;01/09/2024;Transilien;N;Paris Montparnasse;96.481;27.418
1530;01/04/2018;RER;A;RERA;80.8;4.2
1531;01/01/2025;RER;B;RERB;84.103;5.29
1532;01/02/2022;RER;E;RERE;93.512;14.412
1533;01/10/2024;RER;E;RERE;90.852;9.931
1534;01/04/2018;Transilien;N;Paris Montparnasse;91.2;10.4
1535;01/01/2025;RER;C;RERC;82.439;4.695
1536;01/02/2022;Transilien;H;Paris Nord Ouest;95.883;23.289
1537;01/11/2024;RER;D;RERD;84.884;5.616
1538;01/05/2018;Transilien;L;Paris Saint-Lazare Sud;91.5;10.8
1539;01/01/2025;RER;E;RERE;87.863;7.239
1540;01/02/2022;Transilien;K;Paris Nord Crépy;92.367;12.101
1541;01/11/2024;Transilien;J;Paris Saint-Lazare Nord;93.479;14.336
1542;01/06/2018;Transilien;N;Paris Montparnasse;89.6;8.6
1543;01/01/2025;Transilien;H;Paris Nord Ouest;94.705;17.887
1544;01/02/2022;Transilien;R;Paris Sud Est;91.46;10.71
1545;01/11/2024;Transilien;R;Paris Sud Est;90.807;9.878
1546;01/07/2018;RER;A;RERA;78.5;3.7
1547;01/01/2025;Transilien;J;Paris Saint-Lazare Nord;92.439;12.226
1548;01/03/2022;RER;C;RERC;91.592;10.894
1549;01/12/2024;RER;C;RERC;87.249;6.843
1550;01/07/2018;RER;E;RERE;90.2;9.2
1551;01/01/2025;Transilien;K;Paris Nord Crépy;95.984;23.899
1552;01/03/2022;Transilien;H;Paris Nord Ouest;96.604;28.451
1553;01/12/2024;RER;E;RERE;89.691;8.7
1554;01/07/2018;Transilien;H;Paris Nord Ouest;93.5;14.4
1555;01/02/2025;RER;C;RERC;84.884;5.616
1556;01/03/2022;Transilien;R;Paris Sud Est;89.422;8.454
1557;01/12/2024;Transilien;P;Paris Est;90.887;9.974
1558;01/07/2018;Transilien;J;Paris Saint-Lazare Nord;89.4;8.4
1559;01/02/2025;Transilien;J;Paris Saint-Lazare Nord;94.647;17.68
1560;01/04/2022;Transilien;H;Paris Nord Ouest;94.376;16.782
1561;01/01/2025;Transilien;L;Paris Saint-Lazare Sud;94.836;18.365
1562;01/07/2018;Transilien;L;Paris Saint-Lazare Sud;89.3;8.3
1563;01/02/2025;Transilien;P;Paris Est;87.452;6.969
1564;01/05/2022;RER;C;RERC;92.697;12.692
1565;01/02/2025;Transilien;N;Paris Montparnasse;94.356;16.719
1566;01/07/2018;Transilien;P;Paris Est;88.2;7.5
1567;01/03/2025;Transilien;K;Paris Nord Crépy;96.716;29.451
1568;01/05/2022;RER;D;RERD;89.338;8.379
1569;01/03/2025;RER;C;RERC;88.383;7.608
1570;01/07/2018;Transilien;R;Paris Sud Est;81.7;4.5
1571;01/03/2025;Transilien;N;Paris Montparnasse;95.586;21.654
1572;01/05/2022;Transilien;J;Paris Saint-Lazare Nord;94.43;16.954
1573;01/04/2025;RER;B;RERB;87.773;7.179
1574;01/08/2018;Transilien;L;Paris Saint-Lazare Sud;95.9;23.4
1575;01/04/2025;RER;C;RERC;89.99;8.99
1576;01/05/2022;Transilien;N;Paris Montparnasse;94.814;18.284
1577;01/04/2025;RER;D;RERD;83.659;5.119
1578;01/08/2018;Transilien;U;La Verrière - La Défense;90.8;9.9
1579;01/04/2025;Transilien;L;Paris Saint-Lazare Sud;94.817;18.296
1580;01/06/2022;RER;B;RERB;82.46;4.701
1581;01/04/2025;RER;E;RERE;90.574;9.609
1582;01/09/2018;Transilien;L;Paris Saint-Lazare Sud;90.7;9.8
1583;01/05/2025;RER;A;RERA;89.246;8.299
1584;01/06/2022;RER;E;RERE;92.924;13.133
1585;01/05/2025;RER;D;RERD;84.471;5.44
1586;01/10/2018;Transilien;J;Paris Saint-Lazare Nord;88.3;7.5
1587;01/06/2025;Transilien;K;Paris Nord Crépy;91.692;11.037
1588;01/06/2022;Transilien;H;Paris Nord Ouest;94.728;17.967
1589;01/05/2025;Transilien;J;Paris Saint-Lazare Nord;94.082;15.897
1590;01/11/2018;RER;C;RERC;83.5;5.1
1591;01/06/2025;Transilien;P;Paris Est;87.498;6.998
1592;01/06/2022;Transilien;J;Paris Saint-Lazare Nord;87.868;7.243
1593;01/05/2025;Transilien;L;Paris Saint-Lazare Sud;95.108;19.441
1594;01/11/2018;Transilien;L;Paris Saint-Lazare Sud;88.2;7.5
1595;01/07/2025;RER;C;RERC;88.321;7.562
1596;01/07/2022;RER;E;RERE;94.416;16.908
1597;01/06/2025;Transilien;U;La Verrière - La Défense;91.121;10.262
1598;01/11/2018;Transilien;U;La Verrière - La Défense;90.4;9.4
1599;01/07/2025;Transilien;H;Paris Nord Ouest;95.044;19.177
1600;01/07/2022;Transilien;N;Paris Montparnasse;96.437;27.065
1601;01/07/2025;Transilien;U;La Verrière - La Défense;94.824;18.321
1602;01/12/2018;RER;D;RERD;87.0;6.7
1603;01/07/2025;Transilien;J;Paris Saint-Lazare Nord;91.897;11.341
1604;01/08/2022;RER;D;RERD;88.902;8.011
1605;01/08/2025;Transilien;H;Paris Nord Ouest;97.236;35.185
1606;01/12/2018;Transilien;L;Paris Saint-Lazare Sud;92.1;11.7
1607;01/07/2025;Transilien;N;Paris Montparnasse;95.364;20.568
1608;01/08/2022;Transilien;H;Paris Nord Ouest;95.446;20.961
1609;01/08/2025;Transilien;N;Paris Montparnasse;97.677;42.043
1610;01/12/2018;Transilien;R;Paris Sud Est;85.3;5.8
1611;01/08/2025;Transilien;R;Paris Sud Est;91.744;11.112
1612;01/09/2022;RER;A;RERA;90.763;9.826
1613;01/01/2019;Transilien;K;Paris Nord Crépy;85.2;5.8
1614;01/09/2025;RER;A;RERA;92.104;11.665
1615;01/10/2022;RER;D;RERD;87.28;6.862
1616;01/02/2019;RER;D;RERD;85.574;5.9
1617;01/09/2025;RER;C;RERC;90.414;9.432
1618;01/11/2022;RER;A;RERA;86.148;6.219
1619;01/02/2019;Transilien;H;Paris Nord Ouest;93.421;14.2
1620;01/11/2022;RER;B;RERB;82.42;4.688
1621;01/03/2019;RER;E;RERE;95.286;20.2
1622;01/11/2022;RER;E;RERE;94.193;16.221
1623;01/04/2019;RER;A;RERA;89.4;8.4
1624;01/11/2022;Transilien;L;Paris Saint-Lazare Sud;94.123;16.017
1625;01/04/2019;RER;B;RERB;87.7;7.1
1626;01/12/2022;RER;D;RERD;84.519;5.46
1627;01/04/2019;RER;D;RERD;87.09;6.7
1628;01/12/2022;Transilien;K;Paris Nord Crépy;96.788;30.129
1629;01/05/2019;Transilien;N;Paris Montparnasse;94.099;15.9
1630;01/12/2022;Transilien;N;Paris Montparnasse;97.072;33.156
1631;01/06/2019;RER;C;RERC;86.092;6.2
1632;01/01/2023;RER;A;RERA;86.076;6.182
1633;01/08/2019;RER;E;RERE;85.001;5.7
1634;01/01/2023;RER;C;RERC;89.624;8.637
1635;01/08/2019;Transilien;J;Paris Saint-Lazare Nord;94.401;16.9
1636;01/01/2023;Transilien;N;Paris Montparnasse;95.115;19.471
1637;01/08/2019;Transilien;R;Paris Sud Est;86.617;6.5
1638;01/01/2023;Transilien;R;Paris Sud Est;86.674;6.504
1639;01/09/2019;RER;A;RERA;87.573;7.0
1640;01/02/2023;Transilien;H;Paris Nord Ouest;95.881;23.278
1641;01/09/2019;Transilien;K;Paris Nord Crépy;91.221;10.4
1642;01/02/2023;Transilien;L;Paris Saint-Lazare Sud;96.477;27.385
1643;01/10/2019;RER;D;RERD;79.859;4.0
1644;01/02/2023;Transilien;P;Paris Est;93.452;14.271
1645;01/10/2019;RER;E;RERE;91.415;10.6
1646;01/03/2023;Transilien;H;Paris Nord Ouest;94.405;16.874
1647;01/10/2019;Transilien;K;Paris Nord Crépy;86.629;6.5
1648;01/03/2023;Transilien;K;Paris Nord Crépy;95.862;23.164
1649;01/11/2019;RER;B;RERB;78.263;3.6
1650;01/03/2023;Transilien;L;Paris Saint-Lazare Sud;97.361;36.891
1651;01/11/2019;RER;D;RERD;83.007;4.9
1652;01/03/2023;Transilien;R;Paris Sud Est;89.954;8.954
1653;01/11/2019;Transilien;K;Paris Nord Crépy;93.756;15.0
1654;01/04/2023;RER;A;RERA;89.785;8.79
1655;01/11/2019;Transilien;P;Paris Est;87.341;6.9
1656;01/05/2023;Transilien;P;Paris Est;94.156;16.111
1657;01/11/2019;Transilien;U;La Verrière - La Défense;96.521;27.7
1658;01/06/2023;RER;A;RERA;86.609;6.468
1659;01/02/2020;RER;C;RERC;83.249;4.97
1660;01/06/2023;RER;B;RERB;83.082;4.911
1661;01/02/2020;RER;E;RERE;88.05;7.368
1662;01/06/2023;Transilien;H;Paris Nord Ouest;90.984;10.091
1663;01/02/2020;Transilien;L;Paris Saint-Lazare Sud;92.863;13.011
1664;01/07/2023;RER;A;RERA;87.749;7.162
1665;01/02/2020;Transilien;R;Paris Sud Est;80.723;4.188
1666;01/07/2023;Transilien;K;Paris Nord Crépy;91.522;10.795
1667;01/06/2020;Transilien;N;Paris Montparnasse;90.864;9.946
1668;01/07/2023;Transilien;L;Paris Saint-Lazare Sud;96.251;25.673
1669;01/07/2020;RER;A;RERA;89.038;8.122
1670;01/08/2023;Transilien;J;Paris Saint-Lazare Nord;95.591;21.68
1671;01/07/2020;RER;B;RERB;89.142;8.21
1672;01/08/2023;Transilien;K;Paris Nord Crépy;97.339;36.579
1673;01/07/2020;RER;E;RERE;93.793;15.111
1674;01/08/2023;Transilien;L;Paris Saint-Lazare Sud;95.373;20.611
1675;01/07/2020;Transilien;J;Paris Saint-Lazare Nord;92.495;12.324
1676;01/09/2023;RER;C;RERC;84.807;5.582
1677;01/07/2020;Transilien;K;Paris Nord Crépy;93.239;13.791
1678;01/09/2023;Transilien;K;Paris Nord Crépy;95.72;22.364
1679;01/08/2020;Transilien;U;La Verrière - La Défense;96.763;29.897
1680;01/09/2023;Transilien;P;Paris Est;91.257;10.438
1681;01/09/2020;RER;E;RERE;92.264;11.927
1682;01/10/2023;RER;C;RERC;88.001;7.334
1683;01/09/2020;Transilien;R;Paris Sud Est;90.616;9.656
1684;01/10/2023;RER;D;RERD;85.147;5.732
1685;01/10/2020;RER;B;RERB;82.877;4.84
1686;01/11/2023;RER;A;RERA;75.588;3.096
1687;01/10/2020;RER;C;RERC;86.411;6.359
1688;01/11/2023;Transilien;P;Paris Est;76.768;3.304
1689;01/10/2020;Transilien;H;Paris Nord Ouest;92.641;12.59
1690;01/12/2023;RER;B;RERB;80.647;4.167
1691;01/10/2020;Transilien;K;Paris Nord Crépy;87.645;7.094
1692;01/12/2023;RER;C;RERC;81.413;4.38
1693;01/10/2020;Transilien;N;Paris Montparnasse;93.261;13.84
1694;01/12/2023;Transilien;R;Paris Sud Est;91.739;11.106
1695;01/10/2020;Transilien;P;Paris Est;91.472;10.726
1696;01/01/2024;RER;B;RERB;84.384;5.404
1697;01/11/2020;RER;B;RERB;87.683;7.119
1698;01/01/2024;RER;D;RERD;83.035;4.895
1699;01/11/2020;RER;C;RERC;91.637;10.958
1700;01/01/2024;Transilien;H;Paris Nord Ouest;92.988;13.262
1701;01/11/2020;Transilien;P;Paris Est;93.767;15.044
1702;01/01/2024;Transilien;L;Paris Saint-Lazare Sud;90.712;9.766
1703;01/12/2020;Transilien;H;Paris Nord Ouest;96.386;26.667
1704;01/01/2024;Transilien;N;Paris Montparnasse;91.996;11.494
1705;01/12/2020;Transilien;J;Paris Saint-Lazare Nord;92.082;11.629
1706;01/01/2024;Transilien;U;La Verrière - La Défense;91.204;10.369
1707;01/12/2020;Transilien;P;Paris Est;92.782;12.854
1708;01/02/2024;RER;E;RERE;90.887;9.973
1709;01/01/2021;RER;E;RERE;94.692;17.841
1710;01/02/2024;Transilien;H;Paris Nord Ouest;94.313;16.584
1711;01/01/2021;Transilien;H;Paris Nord Ouest;94.673;17.774
1712;01/02/2024;Transilien;P;Paris Est;89.456;8.484
1713;01/02/2021;Transilien;K;Paris Nord Crépy;90.965;10.068
1714;01/02/2024;Transilien;R;Paris Sud Est;90.733;9.791
1715;01/02/2021;Transilien;L;Paris Saint-Lazare Sud;89.43;8.46
1716;01/03/2024;RER;A;RERA;88.403;7.623
1717;01/03/2021;RER;A;RERA;88.795;7.924
1718;01/03/2024;RER;E;RERE;94.62;17.587
1719;01/03/2021;RER;B;RERB;88.663;7.821
1720;01/03/2024;Transilien;K;Paris Nord Crépy;97.574;40.212
1721;01/03/2021;RER;E;RERE;93.919;15.446
1722;01/03/2024;Transilien;N;Paris Montparnasse;95.102;19.418
1723;01/03/2021;Transilien;U;La Verrière - La Défense;95.385;20.667
1724;01/04/2024;Transilien;P;Paris Est;93.507;14.401
1725;01/04/2021;RER;B;RERB;88.612;7.781
1726;01/05/2024;RER;E;RERE;93.192;13.689
1727;01/05/2021;Transilien;P;Paris Est;95.122;19.5
1728;01/05/2024;Transilien;K;Paris Nord Crépy;97.441;38.085
1729;01/05/2021;Transilien;U;La Verrière - La Défense;97.197;34.677
1730;01/06/2024;RER;B;RERB;83.395;5.022
1731;01/07/2021;RER;E;RERE;91.978;11.466
1732;01/06/2024;RER;C;RERC;88.055;7.372
1733;01/07/2021;Transilien;H;Paris Nord Ouest;96.649;28.844
1734;01/06/2024;RER;D;RERD;86.115;6.202
1735;01/07/2021;Transilien;K;Paris Nord Crépy;93.304;13.935
1736;01/06/2024;Transilien;L;Paris Saint-Lazare Sud;92.942;13.169
1737;01/07/2021;Transilien;P;Paris Est;92.354;12.078
1738;01/07/2024;RER;A;RERA;89.364;8.402
1739;01/07/2021;Transilien;R;Paris Sud Est;90.771;9.835
1740;01/07/2024;RER;B;RERB;89.402;8.435
1741;01/08/2021;Transilien;K;Paris Nord Crépy;95.36;20.554
1742;01/07/2024;RER;C;RERC;91.935;11.399
1743;01/08/2021;Transilien;N;Paris Montparnasse;96.911;31.373
1744;01/07/2024;RER;D;RERD;91.773;11.155
1745;01/08/2021;Transilien;P;Paris Est;94.686;17.818
1746;01/07/2024;Transilien;K;Paris Nord Crépy;97.358;36.856
1747;01/09/2021;RER;C;RERC;93.155;13.609
1748;01/08/2024;RER;A;RERA;91.353;10.565
1749;01/09/2021;Transilien;H;Paris Nord Ouest;96.309;26.093
1750;01/08/2024;Transilien;N;Paris Montparnasse;96.472;27.344
1751;01/09/2021;Transilien;K;Paris Nord Crépy;95.429;20.877
1752;01/09/2024;RER;C;RERC;91.009;10.123
1753;01/09/2021;Transilien;R;Paris Sud Est;88.138;7.43
1754;01/09/2024;Transilien;R;Paris Sud Est;93.193;13.691
1755;01/09/2021;Transilien;U;La Verrière - La Défense;95.151;19.625
1756;01/09/2024;Transilien;U;La Verrière - La Défense;96.292;25.97
1757;01/10/2021;RER;A;RERA;86.592;6.458
1758;01/10/2024;RER;A;RERA;85.927;6.106
1759;01/10/2021;Transilien;P;Paris Est;89.298;8.344
1760;01/10/2024;RER;C;RERC;86.235;6.265
1761;01/11/2021;RER;E;RERE;93.918;15.443
1762;01/12/2024;Transilien;J;Paris Saint-Lazare Nord;95.056;19.226
1763;01/11/2021;Transilien;K;Paris Nord Crépy;93.467;14.308
1764;01/12/2024;Transilien;K;Paris Nord Crépy;92.411;12.177
1765;01/11/2021;Transilien;P;Paris Est;87.623;7.08
1766;01/12/2024;Transilien;L;Paris Saint-Lazare Sud;94.69;17.833
1767;01/11/2021;Transilien;R;Paris Sud Est;89.031;8.116
1768;01/01/2025;Transilien;P;Paris Est;91.957;11.433
1769;01/12/2021;RER;B;RERB;82.741;4.794
1770;01/02/2025;RER;A;RERA;92.059;11.592
1771;01/12/2021;Transilien;H;Paris Nord Ouest;96.717;29.457
1772;01/02/2025;Transilien;K;Paris Nord Crépy;98.055;50.416
1773;01/12/2021;Transilien;L;Paris Saint-Lazare Sud;95.018;19.073
1774;01/02/2025;Transilien;L;Paris Saint-Lazare Sud;94.215;16.287
1775;01/01/2022;RER;C;RERC;87.659;7.103
1776;01/03/2025;RER;D;RERD;87.672;7.112
1777;01/01/2022;RER;E;RERE;94.085;15.906
1778;01/04/2025;Transilien;H;Paris Nord Ouest;92.738;12.77
1779;01/01/2022;Transilien;H;Paris Nord Ouest;96.21;25.387
1780;01/04/2025;Transilien;K;Paris Nord Crépy;95.56;21.52
1781;01/01/2022;Transilien;R;Paris Sud Est;90.66;9.707
1782;01/04/2025;Transilien;N;Paris Montparnasse;93.813;15.164
1783;01/02/2022;RER;A;RERA;92.496;12.326
1784;01/04/2025;Transilien;R;Paris Sud Est;86.549;6.434
1785;01/02/2022;RER;B;RERB;84.972;5.654
1786;01/04/2025;Transilien;U;La Verrière - La Défense;94.661;17.731
1787;01/03/2022;RER;B;RERB;85.901;6.093
1788;01/05/2025;Transilien;K;Paris Nord Crépy;95.328;20.402
1789;01/03/2022;RER;E;RERE;92.404;12.165
1790;01/06/2025;RER;A;RERA;80.935;4.245
1791;01/03/2022;Transilien;N;Paris Montparnasse;95.364;20.572
1792;01/06/2025;RER;B;RERB;86.186;6.239
1793;01/03/2022;Transilien;P;Paris Est;88.578;7.755
1794;01/06/2025;Transilien;H;Paris Nord Ouest;92.788;12.866
1795;01/04/2022;RER;A;RERA;91.146;10.295
1796;01/06/2025;Transilien;J;Paris Saint-Lazare Nord;92.59;12.496
1797;01/04/2022;RER;E;RERE;93.432;14.225
1798;01/07/2025;RER;B;RERB;88.636;7.8
1799;01/04/2022;Transilien;J;Paris Saint-Lazare Nord;94.786;18.177
1800;01/07/2025;RER;D;RERD;85.981;6.133
1801;01/04/2022;Transilien;L;Paris Saint-Lazare Sud;94.632;17.628
1802;01/07/2025;RER;E;RERE;92.721;12.738
1803;01/05/2022;Transilien;R;Paris Sud Est;92.278;11.95
1804;01/08/2025;RER;E;RERE;94.775;18.139
1805;01/06/2022;RER;A;RERA;83.837;5.187
1806;01/08/2025;Transilien;J;Paris Saint-Lazare Nord;94.821;18.307
1807;01/06/2022;Transilien;P;Paris Est;82.365;4.671
1808;01/08/2025;Transilien;U;La Verrière - La Défense;98.482;64.86
1809;01/06/2022;Transilien;R;Paris Sud Est;88.997;8.088
1810;01/09/2025;RER;B;RERB;85.757;6.021
1811;01/07/2022;Transilien;K;Paris Nord Crépy;98.711;76.556
1812;01/09/2025;RER;D;RERD;86.155;6.223
1813;01/07/2022;Transilien;U;La Verrière - La Défense;44.925;0.816
1814;01/09/2025;RER;E;RERE;91.718;11.075
1815;01/08/2022;RER;B;RERB;82.371;4.672
1816;01/09/2025;Transilien;J;Paris Saint-Lazare Nord;95.441;20.935
1817;01/08/2022;Transilien;L;Paris Saint-Lazare Sud;96.856;30.807
1818;01/09/2025;Transilien;K;Paris Nord Crépy;90.428;9.447
1819;01/09/2022;RER;E;RERE;93.648;14.743
1820;01/09/2025;Transilien;P;Paris Est;93.012;13.311
1821;01/09/2022;Transilien;H;Paris Nord Ouest;96.975;32.063
1822;01/09/2025;Transilien;R;Paris Sud Est;85.425;5.861
1823;01/09/2022;Transilien;K;Paris Nord Crépy;98.429;62.673
1824;01/09/2022;Transilien;R;Paris Sud Est;91.566;10.857
1825;01/10/2022;Transilien;P;Paris Est;90.442;9.463
1826;01/11/2022;Transilien;H;Paris Nord Ouest;95.366;20.579
1827;01/11/2022;Transilien;R;Paris Sud Est;87.993;7.329
1828;01/11/2022;Transilien;U;La Verrière - La Défense;92.174;11.778
1829;01/12/2022;RER;B;RERB;81.464;4.395
1830;01/12/2022;RER;E;RERE;93.528;14.451
1831;01/01/2023;RER;E;RERE;94.235;16.346
1832;01/01/2023;Transilien;L;Paris Saint-Lazare Sud;96.367;26.524
1833;01/01/2023;Transilien;P;Paris Est;90.853;9.933
1834;01/01/2023;Transilien;U;La Verrière - La Défense;95.689;22.199
1835;01/02/2023;RER;E;RERE;93.251;13.816
1836;01/02/2023;Transilien;U;La Verrière - La Défense;97.405;37.536
1837;01/03/2023;RER;D;RERD;90.845;9.923
1838;01/04/2023;RER;B;RERB;81.774;4.487
1839;01/04/2023;RER;C;RERC;89.337;8.378
1840;01/04/2023;Transilien;K;Paris Nord Crépy;92.796;12.881
1841;01/04/2023;Transilien;L;Paris Saint-Lazare Sud;96.284;25.912
1842;01/04/2023;Transilien;U;La Verrière - La Défense;94.999;18.996
1843;01/05/2023;Transilien;U;La Verrière - La Défense;95.63;21.882
1844;01/06/2023;Transilien;K;Paris Nord Crépy;94.098;15.942
1845;01/06/2023;Transilien;P;Paris Est;90.299;9.308
1846;01/06/2023;Transilien;U;La Verrière - La Défense;95.387;20.679
1847;01/07/2023;RER;C;RERC;82.103;4.588
1848;01/07/2023;RER;D;RERD;89.732;8.739
1849;01/07/2023;RER;E;RERE;93.038;13.363
1850;01/07/2023;Transilien;H;Paris Nord Ouest;95.394;20.712
1851;01/07/2023;Transilien;J;Paris Saint-Lazare Nord;94.313;16.585
1852;01/08/2023;RER;D;RERD;89.666;8.676
1853;01/08/2023;RER;E;RERE;94.691;17.836
1854;01/08/2023;Transilien;H;Paris Nord Ouest;96.952;31.805
1855;01/08/2023;Transilien;P;Paris Est;87.333;6.895
1856;01/08/2023;Transilien;U;La Verrière - La Défense;97.53;39.478
1857;01/09/2023;Transilien;H;Paris Nord Ouest;95.707;22.296
1858;01/09/2023;Transilien;R;Paris Sud Est;90.571;9.606
1859;01/09/2023;Transilien;U;La Verrière - La Défense;96.05;24.315
1860;01/10/2023;Transilien;K;Paris Nord Crépy;97.995;48.877
1861;01/10/2023;Transilien;L;Paris Saint-Lazare Sud;94.577;17.438
1862;01/10/2023;Transilien;U;La Verrière - La Défense;95.391;20.697
1863;01/11/2023;RER;B;RERB;77.206;3.387
1864;01/11/2023;RER;E;RERE;90.452;9.474
1865;01/11/2023;Transilien;H;Paris Nord Ouest;90.789;9.856
1866;01/12/2023;RER;D;RERD;81.647;4.449
1867;01/12/2023;Transilien;J;Paris Saint-Lazare Nord;92.093;11.647
1868;01/01/2024;RER;C;RERC;80.928;4.243
1869;01/03/2024;RER;B;RERB;85.356;5.829
1870;01/03/2024;RER;D;RERD;81.881;4.519
1871;01/03/2024;Transilien;L;Paris Saint-Lazare Sud;93.771;15.054
1872;01/04/2024;RER;B;RERB;87.84;7.224
1873;01/04/2024;RER;D;RERD;87.227;6.829
1874;01/04/2024;Transilien;U;La Verrière - La Défense;95.577;21.608
1875;01/05/2024;RER;D;RERD;89.499;8.523
1876;01/05/2024;Transilien;H;Paris Nord Ouest;95.695;22.23
1877;01/06/2024;RER;A;RERA;89.939;8.94
1878;01/07/2024;RER;E;RERE;94.897;18.598
1879;01/07/2024;Transilien;H;Paris Nord Ouest;96.818;30.422
1880;01/07/2024;Transilien;L;Paris Saint-Lazare Sud;95.529;21.367
1881;01/07/2024;Transilien;U;La Verrière - La Défense;95.888;23.321
1882;01/08/2024;RER;B;RERB;92.36;12.09
1883;01/08/2024;RER;C;RERC;95.789;22.749
1884;01/08/2024;Transilien;H;Paris Nord Ouest;98.004;49.1
1885;01/08/2024;Transilien;L;Paris Saint-Lazare Sud;98.363;60.069
1886;01/08/2024;Transilien;P;Paris Est;96.154;25.001
1887;01/09/2024;RER;B;RERB;86.851;6.605
1888;01/09/2024;RER;D;RERD;89.605;8.62
1889;01/09/2024;RER;E;RERE;92.383;12.128
1890;01/09/2024;Transilien;H;Paris Nord Ouest;97.479;38.66
1891;01/10/2024;Transilien;K;Paris Nord Crépy;94.546;17.336
1892;01/10/2024;Transilien;N;Paris Montparnasse;93.973;15.593
1893;01/10/2024;Transilien;P;Paris Est;90.347;9.36
1894;01/10/2024;Transilien;U;La Verrière - La Défense;94.36;16.73
1895;01/11/2024;RER;C;RERC;84.462;5.436
1896;01/11/2024;RER;E;RERE;93.529;14.454
1897;01/11/2024;Transilien;H;Paris Nord Ouest;94.174;16.163
1898;01/11/2024;Transilien;U;La Verrière - La Défense;93.281;13.882
1899;01/12/2024;RER;D;RERD;89.103;8.177
1900;01/12/2024;Transilien;H;Paris Nord Ouest;94.09;15.92
1901;01/12/2024;Transilien;N;Paris Montparnasse;94.701;17.87
1902;01/12/2024;Transilien;R;Paris Sud Est;92.31;12.003
1903;01/01/2025;RER;A;RERA;88.638;7.802
1904;01/01/2025;RER;D;RERD;87.279;6.861
1905;01/01/2025;Transilien;R;Paris Sud Est;88.51;7.703
1906;01/01/2025;Transilien;U;La Verrière - La Défense;88.047;7.366
1907;01/02/2025;RER;B;RERB;88.669;7.825
1908;01/02/2025;Transilien;R;Paris Sud Est;87.733;7.152
1909;01/03/2025;Transilien;H;Paris Nord Ouest;96.343;26.341
1910;01/03/2025;Transilien;J;Paris Saint-Lazare Nord;93.838;15.228
1911;01/03/2025;Transilien;L;Paris Saint-Lazare Sud;95.416;20.813
1912;01/03/2025;Transilien;P;Paris Est;92.105;11.667
1913;01/03/2025;Transilien;R;Paris Sud Est;90.579;9.615
1914;01/04/2025;Transilien;P;Paris Est;93.252;13.82
1915;01/05/2025;RER;B;RERB;87.419;6.949
1916;01/05/2025;RER;C;RERC;92.466;12.273
1917;01/05/2025;Transilien;N;Paris Montparnasse;96.266;25.782
1918;01/05/2025;Transilien;P;Paris Est;88.915;8.022
1919;01/05/2025;Transilien;U;La Verrière - La Défense;93.897;15.384
1920;01/06/2025;RER;C;RERC;86.067;6.177
1921;01/06/2025;RER;E;RERE;88.113;7.412
1922;01/06/2025;Transilien;N;Paris Montparnasse;95.791;22.759
1923;01/07/2025;RER;A;RERA;89.374;8.411
1924;01/07/2025;Transilien;K;Paris Nord Crépy;95.227;19.953
1925;01/07/2025;Transilien;L;Paris Saint-Lazare Sud;92.32;12.021
1926;01/07/2025;Transilien;R;Paris Sud Est;89.609;8.624
1927;01/08/2025;RER;A;RERA;94.754;18.062
1928;01/08/2025;RER;B;RERB;93.682;14.828
1929;01/09/2025;Transilien;H;Paris Nord Ouest;94.321;16.607
1930;01/09/2025;Transilien;N;Paris Montparnasse;97.057;32.973
1931;01/09/2025;Transilien;U;La Verrière - La Défense;91.239;10.415
